{
  "100000": {
    "median": 0.0,
    "p90": 0.012170803282834741,
    "p10": 0.0,
    "sample": [
      0.00019781472509816843,
      0.0005231326332650479,
      0.0040044931893063575,
      0.0,
      0.013563726059499999,
      0.0,
      0.001378187691336313,
      0.007990747283226384,
      0.0,
      0.0,
      0.006270104850926867,
      9.397551629547127e-06,
      0.0,
      0.03232817590708637,
      0.0,
      0.011997128455287984,
      0.0,
      0.006868628585084564,
      0.0,
      0.0,
      0.009642669631024454,
      0.0,
      0.01394523618474615,
      0.0065437442324094855,
      0.005701290236657543,
      0.006880410170370153,
      0.0,
      0.005486934638205092,
      0.011861680571574492,
      0.0,
      0.005555301100953777,
      0.0018337556028069995,
      0.0018737073104292453,
      0.0,
      0.0,
      0.0,
      0.0,
      0.0,
      0.0008731305134642643,
      0.0,
      0.0,
      0.005007777193992142,
      0.008635032822324716,
      0.0,
      0.0,
      0.0006527302490124915,
      6.842710353244697e-05,
      0.01776490562118125,
      0.019461651369953974,
      0.0,
      0.01449508680816236,
      0.01224523535178335,
      0.0,
      0.0,
      0.0,
      0.009685362499111123,
      0.0,
      0.0,
      0.0018505344288016713,
      0.0,
      0.0007651102735304101,
      0.002722599608253562,
      0.0,
      0.0,
      0.0,
      0.0,
      0.013202474490883949,
      0.003923373067371177,
      0.0,
      0.006098077951820099,
      0.011094722697961799,
      0.0072639575493935755,
      0.0,
      0.012699645053681407,
      0.0,
      0.0,
      0.0,
      0.0,
      0.005411715382483247,
      0.0,
      0.0,
      0.0304032870173506,
      0.0017182617528480983,
      0.0,
      0.0,
      0.0,
      0.0009887717348471305,
      0.016354143203835013,
      0.0,
      0.0008087323007769314,
      0.0,
      0.0004734750510601638,
      0.015582590183743309,
      0.0,
      0.002368333038935372,
      0.0,
      0.004415874237062255,
      0.005894056118303107,
      0.0,
      0.0,
      0.0,
      0.0,
      0.005317753617738015,
      0.0,
      0.0,
      0.0037247542349114083,
      0.0,
      0.0,
      0.0,
      0.011386796359362718,
      0.0,
      0.0015901543858385311,
      0.0,
      0.0
    ],
    "low_data": false
  },
  "250000": {
    "median": 0.0005610018204469952,
    "p90": 0.014029101928896653,
    "p10": 0.0,
    "sample": [
      0.00045123691837830763,
      0.0011933224749598541,
      0.0044843770766178435,
      0.0,
      0.014154842241808581,
      0.0,
      0.0017734091715923786,
      0.008252927469151617,
      0.0,
      0.0,
      0.006732402290591057,
      0.0004739562405706411,
      0.0003108206587749188,
      0.03325010429547042,
      0.0,
      0.012686948313037813,
      0.0,
      0.007648211613270545,
      0.0,
      0.0,
      0.011333757063812969,
      0.0,
      0.014649603428204021,
      0.007357616765710011,
      0.0064929519213062685,
      0.00758288421217019,
      0.0006480474003233492,
      0.00848683656368212,
      0.01368623114128958,
      0.0,
      0.006858393282582677,
      0.003492143091025132,
      0.0030463044685270237,
      0.0,
      0.0,
      0.0,
      0.0,
      0.0009723383011221295,
      0.0016927074917914748,
      0.0,
      0.0,
      0.007368658413394321,
      0.01019369711341119,
      0.0,
      0.0,
      0.0015129988428897686,
      0.001801512551345723,
      0.020036947067976277,
      0.020714772654171813,
      0.0,
      0.016209572723975243,
      0.013825126903969857,
      0.0,
      0.0,
      0.0,
      0.011055604729039764,
      0.0,
      0.00043196545344583457,
      0.004206206382203083,
      0.0,
      0.0025841814426638865,
      0.0033979369798610827,
      0.0,
      0.0,
      0.0,
      0.0,
      0.0148334783634511,
      0.006005452961647705,
      0.0,
      0.00848911542105164,
      0.014428740176737623,
      0.010132094401912282,
      0.0,
      0.013243280852901638,
      0.0,
      0.0,
      0.0,
      0.0,
      0.007586803694148901,
      0.0,
      0.0,
      0.033095481193746744,
      0.004137341374143289,
      0.001323205718026856,
      0.0,
      0.0,
      0.0026717562605783423,
      0.01910598064590198,
      0.0,
      0.001605183621536264,
      0.0,
      0.0023781475405315333,
      0.01680462847487483,
      0.0,
      0.003845505722637204,
      0.0,
      0.0053832028553815,
      0.0071228485631456805,
      0.0,
      0.0,
      0.0,
      0.0,
      0.006126238080412163,
      0.0,
      0.0,
      0.004960844356407421,
      0.00024650548755424323,
      0.001097671750633091,
      0.0,
      0.01411651979672242,
      0.0,
      0.003462306406828255,
      0.0,
      0.0
    ],
    "low_data": false
  },
  "500000": {
    "median": 0.002836500484301493,
    "p90": 0.016103769437558712,
    "p10": 0.0,
    "sample": [
      0.000842037863692725,
      0.0022268184773597995,
      0.005224403332310357,
      0.0,
      0.015066399196812439,
      0.0,
      0.0023828780034002455,
      0.008657234065886926,
      0.0,
      0.0,
      0.007445308583835418,
      0.0011903495936638965,
      0.001906756696773624,
      0.03467180490120392,
      0.0,
      0.01375071565328527,
      0.0,
      0.008850402236052254,
      0.0,
      0.0,
      0.0139415735253039,
      0.0,
      0.015735804210499197,
      0.008612685042337587,
      0.007713768972589253,
      0.008666165498789095,
      0.0029567660512378846,
      0.013112968526130267,
      0.016499860358958007,
      0.0,
      0.008867884439694808,
      0.006049533151085197,
      0.0048545599805099385,
      0.0006715413438333267,
      0.0016141487995474432,
      0.0,
      0.0,
      0.0030193095670425414,
      0.0029565725611547943,
      0.0,
      0.0,
      0.01100936012296213,
      0.012597304589537305,
      0.0,
      0.0,
      0.0028396142247553483,
      0.0044740939166541425,
      0.023540649461631705,
      0.022647203970179716,
      0.0,
      0.018853471855126987,
      0.016261468820584216,
      0.0,
      0.0,
      0.0,
      0.013168647599653319,
      0.0,
      0.0041749770487679635,
      0.007838874911838448,
      0.0009840021104251177,
      0.005389360907375269,
      0.0044393709593177535,
      0.0,
      0.0,
      0.0,
      0.0,
      0.01734864030314011,
      0.009216216708783097,
      0.0,
      0.012176320914632655,
      0.019570109863172636,
      0.014555032183120695,
      0.0,
      0.014081618574993618,
      0.00015270303122698597,
      0.0,
      0.0,
      0.0,
      0.010940995200974184,
      0.0,
      0.003876659085152787,
      0.03724709875923182,
      0.007867790513410102,
      0.009734107357936849,
      0.0,
      0.0,
      0.0052670772744654055,
      0.023349573757427862,
      0.0,
      0.002833386743847638,
      0.0,
      0.00531533232204337,
      0.018689126881281923,
      0.0,
      0.006123445447297272,
      0.0005666446502907915,
      0.006874914901496432,
      0.009017762512173233,
      0.0,
      0.0,
      0.0,
      0.0,
      0.007372997443495293,
      0.001103098881943436,
      0.0,
      0.006867012011741626,
      0.0033433955466776796,
      0.004466226708823448,
      0.0,
      0.01832601102540834,
      0.0,
      0.006349341555980759,
      0.0,
      0.0
    ],
    "low_data": false
  },
  "1000000": {
    "median": 0.005992659679753545,
    "p90": 0.021954552347809984,
    "p10": 0.0,