{
  "100000": {
    "median": 0.0011685999329035376,
    "p90": 0.014627142365493975,
    "p10": 0.0,
    "sample": [
      0.00019781472509816843,
      0.0005231326332650479,
      0.011349033942796299,
      0.014686612739939693,
      0.02151354594680425,
      0.0,
      0.0,
      0.0,
      0.0026676051024409155,
      0.0,
      0.0009746611732403194,
      0.0,
      0.0,
      0.0,
      0.0034162653996102424,
      0.0,
      0.002768017383186155,
      0.0,
      0.00892241531995276,
      0.0,
      0.01356370345808644,
      0.0,
      0.0,
      0.0,
      0.0,
      0.0,
      0.0,
      0.0,
      0.0,
      0.007306697190983389,
      0.0012392335654077557,
      0.0,
      0.008951285645025356,
      0.0013437349570207752,
      0.0,
      0.0059679789328389255,
      0.010371033590048054,
      0.00048703501414999436,
      0.0,
      0.006611186007572201,
      0.03650659565299087,
      0.0,
      0.0,
      0.010864175202859833,
      0.0043288380442048574,
      0.0,
      0.005924884024490895,
      0.0036153533042168227,
      0.014646040838854603,
      0.014660677875545267,
      0.0003362368811987782,
      0.0,
      0.012584967283511366,
      0.0038761178058192612,
      0.0011933602162227759,
      0.0,
      0.0,
      0.007591903548214715,
      0.0009398214255224247,
      0.009620179505263319,
      0.007538301976300711,
      0.010846482989718092,
      0.0,
      0.0,
      0.0144570561052483,
      0.0,
      0.0008728142627942659,
      0.0,
      0.0,
      0.0,
      0.011533948634668827,
      0.007112225359637512,
      0.0,
      0.0,
      0.0,
      0.0,
      0.0,
      0.0,
      0.01734266424392138,
      0.010101909363249877,
      0.03180992118772706,
      0.020446942912532292,
      0.0,
      0.013184230663556288,
      0.005711289493861039,
      0.005257221735883701,
      0.01711857938742984,
      0.005834025942049988,
      0.0,
      0.0,
      0.01620274360545413,
      0.0,
      0.0011438396495842991,
      0.01201421625631004,
      0.00935603875089322,
      0.005948426927990934,
      0.0,
      0.0,
      0.013165358074894908,
      0.0,
      0.011150799501630851,
      0.011881615006558545,
      0.0,
      0.027992971826954652,
      0.0,
      0.010602598251492228,
      0.005505658518170196,
      0.01635450279715527,
      0.010945988131860034,
      0.0027288850438174747,
      0.0044741348835219165,
      0.012330283744288122
    ],
    "low_data": false
  },
  "250000": {
    "median": 0.002459173718720133,
    "p90": 0.016583813304854846,
    "p10": 0.0,
    "sample": [
      0.00045123691837830763,
      0.0011933224749598541,
      0.011828917830107784,
      0.01519642350280601,
      0.022104662129112832,
      0.0,
      0.0,
      0.0,
      0.0029795004820504624,
      0.0,
      0.0014369586129045092,
      0.0,
      0.0,
      0.0,
      0.004045577373332063,
      0.0,
      0.003028075991685162,
      0.0,
      0.010243719144517147,
      0.0,
      0.015254790890874954,
      0.0,
      0.0,
      0.0,
      0.0,
      0.0,
      0.0007556272632885449,
      0.0,
      0.0,
      0.008400305219265079,
      0.0025423257470366554,
      0.0015182070539650028,
      0.010123882803123135,
      0.0024145293020788492,
      0.0,
      0.007399477989270404,
      0.012512380112412793,
      0.0018144318743945802,
      0.0,
      0.007531473585770998,
      0.03737326241115816,
      0.0017975151566603578,
      0.00045943814359010373,
      0.012015092877207945,
      0.00612120535227193,
      0.0,
      0.00765796947230417,
      0.005887394751011849,
      0.015899162123072443,
      0.015644566429499282,
      0.0020507227970116603,
      0.0,
      0.014341169370534786,
      0.005100853984089266,
      0.001643767851835161,
      0.0,
      8.366249255207635e-05,
      0.01001912952945272,
      0.003295493378923837,
      0.010858400571642552,
      0.009357373145434188,
      0.011521820361325612,
      0.0,
      0.0,
      0.01665988565838622,
      0.0,
      0.002503818135361417,
      0.0,
      0.0,
      0.0,
      0.01486796611344465,
      0.00998036221215622,
      0.0,
      0.0,
      0.0,
      0.0007046147215974601,
      0.0,
      0.0,
      0.019517752555587034,
      0.012331137115307405,
      0.034402289860725306,
      0.02313913708892843,
      0.0,
      0.01863843738082667,
      0.006962764681018675,
      0.007445787515941327,
      0.018801563913161054,
      0.008585863384116956,
      0.0,
      0.0,
      0.018701577193330137,
      0.0,
      0.0023658779407158183,
      0.01258351874007625,
      0.010833211434595053,
      0.007341795159400696,
      0.0,
      0.0007840420972003539,
      0.013950615369658215,
      0.0,
      0.012036701785813212,
      0.013798657051075238,
      0.0,
      0.028759921343422094,
      0.0,
      0.011838688372988241,
      0.00751389488642948,
      0.01853890535790771,
      0.011945546032073328,
      0.005458608481177177,
      0.006401447454095715,
      0.022421421586877086
    ],
    "low_data": false
  },
  "500000": {
    "median": 0.004623219416156094,
    "p90": 0.020052104680511218,
    "p10": 0.0,
    "sample": [
      0.000842037863692725,
      0.0022268184773597995,
      0.0125689440858003,
      0.01598259982572727,
      0.02301621908411669,
      0.0,
      0.0,
      0.0,
      0.0034604726006047,
      0.0,
      0.002149864906148871,
      0.0,
      0.0,
      0.0,
      0.005016035844411217,
      0.0,
      0.0034291109157504676,
      0.0,
      0.0122812943742308,
      0.0,
      0.017862607352365886,
      0.0,
      0.0007269836931060338,
      0.0,
      0.0,
      0.0005427407679510158,
      0.00306434591420308,
      0.003382130837110268,
      0.00012279546573662047,
      0.010086752036428722,
      0.0045518169041487856,
      0.004075597114025067,
      0.011932138315106049,
      0.004065795266080051,
      0.0,
      0.00960698466904927,
      0.015814538594881675,
      0.003861403140314992,
      0.0,
      0.008950643907304915,
      0.038709744366351245,
      0.005438216866228166,
      0.002863045619716219,
      0.01378991657868667,
      0.008885204942351104,
      0.0,
      0.010330550837612591,
      0.00939109714466728,
      0.017831593439080345,
      0.017161815459635417,
      0.004694621928163403,
      0.0,
      0.017049398775736184,
      0.006989512787146807,
      0.00233833894482375,
      0.0,
      0.0053064348341068145,
      0.013762141124774849,
      0.006928161908559201,
      0.01276785434514974,
      0.01216255261014557,
      0.012563254340782284,
      0.0,
      0.0,
      0.020056856778359167,
      0.0,
      0.005018980075050428,
      0.002802986653873337,
      0.0,
      0.0,
      0.020009335799879666,
      0.014403299993364631,
      0.0,
      0.0,
      0.0,
      0.0022601399312977316,
      0.0,
      0.0,
      0.022871944062412317,
      0.015768816750027424,
      0.038399967076356095,
      0.02729075465441351,
      0.0,
      0.02704933902073666,
      0.008892657559966745,
      0.010820762551311819,
      0.021396884927048117,
      0.012829456495642839,
      0.0,
      0.0,
      0.02255501447790869,
      0.0,
      0.004250376347122914,
      0.013461436912695572,
      0.013111151159255121,
      0.009490500507412883,
      0.0,
      0.002678956046227905,
      0.015161556247157884,
      0.0,
      0.01340284673797199,
      0.01675491685416377,
      0.0,
      0.02994262989851927,
      0.0,
      0.013744856028322445,
      0.010610784945552917,
      0.021907460316098068,
      0.013486958673341251,
      0.009668099709863095,
      0.009373545377910936,
      0.03798290875237754
    ],
    "low_data": false
  },
  "1000000": {
    "median": 0.00923808393501865,
    "p90": 0.026087657118545365,
    "p10": 0.0,