{
  "100000": {
    "median": 6.364904340328956e-05,
    "p90": 0.012754216756285571,
    "p10": 0.0,
    "sample": [
      3.685116394564532e-05,
      6.364904340328956e-05,
      0.0023548128830677482,
      0.0,
      0.024307107601067326,
      0.01757943706232865,
      0.0,
      0.0,
      0.0,
      0.01573695585464448,
      0.0,
      0.012189879912419928,
      0.001352115626677215,
      0.0,
      0.0060152828377383,
      0.0,
      0.014323774991021391,
      0.003899821061608244,
      0.0,
      0.009298224134422354,
      0.0,
      0.0015115631511927298,
      0.006255454925686578,
      0.0,
      0.0,
      0.0056276490726908214,
      0.0009092353937056004,
      0.0,
      0.02707159513196328,
      0.0,
      0.009779168520313476,
      0.0,
      0.006234844172230633,
      0.0,
      0.0,
      0.010254699575351635,
      0.0,
      0.018099368240608142,
      0.00930234526127767,
      0.009839156487153248,
      0.01174108120394437,
      0.0,
      0.0062331672832002345,
      0.01930651880184021,
      0.0,
      0.011834177095259614,
      0.002415851531323031,
      0.0035326756251271825,
      0.0,
      0.0,
      0.0,
      0.0,
      0.0,
      0.0015446173023807527,
      0.0,
      0.0,
      0.006803765706650521,
      0.012714961292392971,
      0.0,
      0.0,
      0.001081673329953704,
      0.0008829847053448765,
      0.023129295035758946,
      0.025774774966603714,
      0.0,
      0.012058568272318215,
      0.009798927431922259,
      0.0,
      0.0,
      0.0,
      0.007763235331480487,
      0.0,
      0.0,
      0.0012782553533120184,
      0.0,
      0.0006716753154085538,
      0.002263331261779699,
      0.0,
      0.0,
      0.0,
      0.0,
      0.012754216756285571,
      0.0030245962474475504,
      0.0,
      0.005275747223545725,
      0.010557283877606715,
      0.0070819450130535245,
      0.0,
      0.013711640427121828,
      0.00017632170504512667,
      0.0,
      0.0,
      0.0,
      0.004748651676985056,
      0.0,
      0.0,
      0.029838205442991046,
      0.0011624962624205148,
      0.003070826044535088,
      0.0,
      0.0,
      0.0005139564092275883,
      0.01664765343620069,
      0.0,
      0.002693116296983833,
      0.0,
      0.00044275055001749314,
      0.01795835266734598,
      0.0,
      0.0,
      0.002907944942406972,
      0.0,
      0.007167777323893148,
      0.01110111384578316,
      0.010696654187735606,
      0.0,
      0.0,
      0.0,
      0.0,
      0.009506105378402636,
      0.0,
      0.0,
      0.008155196192755185,
      0.0008040072513085085,
      0.0,
      0.0,
      0.009555218021990027,
      0.0,
      0.0015676315306843642,
      0.0,
      0.0
    ],
    "low_data": false
  },
  "250000": {
    "median": 0.0011155231491610626,
    "p90": 0.015549930188698652,
    "p10": 0.0,
    "sample": [
      8.40615158918761e-05,
      0.0001451903956531771,
      0.002533890307328452,
      0.0,
      0.02485193047265212,
      0.01802173107644002,
      0.0,
      0.0,
      0.0,
      0.016417092062762272,
      0.0,
      0.01385650104005549,
      0.0021924733908266917,
      0.0,
      0.006402082891459831,
      0.0,
      0.015269589028789138,
      0.005020326046321319,
      0.0,
      0.009990763736247115,
      0.0,
      0.002432459259726722,
      0.007262638661322022,
      0.0,
      0.0,
      0.006521120205678273,
      0.0024656366135289236,
      0.0,
      0.02751764141170533,
      0.0,
      0.010325166420900343,
      0.0,
      0.006531189906289523,
      0.0,
      0.0,
      0.011295372263335242,
      0.0,
      0.019010102557735307,
      0.010772061729147662,
      0.010691851193031442,
      0.012821201803002896,
      0.0,
      0.007329037129351893,
      0.02046653866189435,
      0.0,
      0.012825219003146884,
      0.003738868946390839,
      0.0049783349299064635,
      0.0,
      0.0,
      0.0,
      0.0,
      0.00042002260781721923,
      0.0028782954351539284,
      0.0,
      0.0,
      0.008881122434133186,
      0.01353884326820452,
      0.0,
      0.0,
      0.002502257030888548,
      0.0043274202281571444,
      0.024481076495340485,
      0.02823557556371696,
      0.0,
      0.013911279634128935,
      0.011235355473977977,
      0.0,
      0.0,
      0.0,
      0.008978309808560651,
      0.0,
      0.0011155231491610626,
      0.0029043920523888515,
      0.0,
      0.002211178648276374,
      0.002812658173283361,
      0.0,
      0.0,
      0.0,
      0.0,
      0.01442051101502365,
      0.004181555098771817,
      0.0,
      0.006279480868357884,
      0.012366136210644193,
      0.007364664646599965,
      0.0,
      0.015064035672925292,
      0.0016102218096914222,
      0.0,
      0.0,
      0.0,
      0.006116692089589972,
      0.0,
      0.0,
      0.030664436114090324,
      0.00288284264512311,
      0.018266797432510765,
      0.0,
      0.0,
      0.0016163183952790903,
      0.01780861233786055,
      0.0,
      0.005880351635098573,
      0.0,
      0.002040619735440787,
      0.019960499895172627,
      0.0,
      0.0,
      0.0043036649631305,
      0.0,
      0.008330274609291904,
      0.014417016469861533,
      0.013852334778872863,
      0.0,
      4.980671870951324e-05,
      0.0,
      0.0,
      0.01581410143152403,
      0.00028628521735572245,
      0.0,
      0.015549930188698652,
      0.005586817924480975,
      0.0009660531923703763,
      0.0,
      0.009731036852519519,
      0.0,
      0.0034019476115431466,
      0.0,
      0.0
    ],
    "low_data": false
  },
  "500000": {
    "median": 0.0038214311324785873,
    "p90": 0.018718692149411215,
    "p10": 0.0,