{
  "100000": {
    "median": 0.0005861832077535917,
    "p90": 0.01680203635793568,
    "p10": 0.0,
    "sample": [
      3.685116394564532e-05,
      6.364904340328958e-05,
      0.0,
      0.0,
      0.00704629510896191,
      0.0,
      0.0,
      0.0,
      0.0,
      0.0,
      0.0,
      0.0,
      0.0,
      0.0,
      0.0017390604100194018,
      0.01181842167114776,
      0.015403703835791397,
      0.010020798889705642,
      0.016578696820370768,
      0.014611918744536146,
      0.0,
      0.0,
      0.0,
      0.0021461158707681205,
      0.0,
      0.001209531677817103,
      0.0,
      0.0,
      0.0,
      0.002793028463347797,
      0.0,
      0.00252720039620913,
      0.0,
      0.008724676868735116,
      0.0,
      0.014703267964133931,
      0.0,
      0.0,
      0.0,
      0.0,
      0.0,
      0.0,
      0.0,
      0.0,
      0.012722692300045423,
      0.0013148315852203065,
      0.0,
      0.02128725092293604,
      0.0019295630219558707,
      0.0,
      0.014739990413925612,
      0.024612078021742805,
      0.00033116472916244234,
      0.0,
      0.012254865715103664,
      0.06113351633717861,
      0.0,
      0.0,
      0.018622228506974835,
      0.0060679735535496375,
      0.0,
      0.009116349636109175,
      0.003597617524692991,
      0.01955997303347739,
      0.020662174964647537,
      0.0006379191768819265,
      0.0,
      0.010715488347904902,
      0.0044491587929951035,
      0.006732249270656026,
      0.0,
      0.0,
      0.006107850019841335,
      0.0005861832077535917,
      0.007602906731688665,
      0.006154085241079,
      0.009051736744220096,
      0.0,
      0.0,
      0.011413571366685433,
      0.0,
      0.0009163272357130168,
      0.0,
      0.0,
      0.0,
      0.011030286760181411,
      0.006874772867362868,
      0.0,
      0.0,
      0.0,
      0.0,
      0.0,
      0.0,
      0.016573255875101063,
      0.008746026139744659,
      0.02994748938909367,
      0.019568260074047814,
      0.0,
      0.02121656024196436,
      0.005583857322176608,
      0.00505715563985028,
      0.017715863897963507,
      0.004990588765622741,
      0.0,
      0.0,
      0.01769539450819531,
      0.0,
      0.0017757139208000876,
      0.0,
      0.014151593466236708,
      0.013363895805191955,
      0.009431879129651193,
      0.0,
      0.000166522630262852,
      0.0,
      0.019089310929579398,
      0.0,
      0.015987546342039007,
      0.013428226758948652,
      0.0,
      0.02500711568262508,
      0.0,
      0.01409394414037633,
      0.007198303176461751,
      0.014564018250750328,
      0.010432104007366886,
      0.0008559233610095015,
      0.012375085548252816,
      0.013482815496830659
    ],
    "low_data": false
  },
  "250000": {
    "median": 0.002125860463740932,
    "p90": 0.02110454921406332,
    "p10": 0.0,
    "sample": [
      8.40615158918761e-05,
      0.0001451903956531771,
      0.0,
      0.0,
      0.0075911179805467025,
      0.0,
      0.0,
      0.0,
      0.0,
      0.0,
      0.0,
      0.0,
      0.0,
      0.0,
      0.002125860463740932,
      0.012422896592821758,
      0.016349517873559143,
      0.011141303874418716,
      0.016851766886430784,
      0.015304458346360905,
      0.0,
      0.0,
      0.0,
      0.0026061145461845204,
      0.0,
      0.0021030028108045547,
      0.0,
      0.0,
      0.0,
      0.0034013964415911275,
      0.0,
      0.0028767207760486972,
      0.0,
      0.008914533505721557,
      0.0,
      0.01574394065211754,
      0.0,
      0.0,
      0.0,
      0.0,
      0.0,
      0.0,
      0.0,
      0.0,
      0.013988659997131288,
      0.0023058734931075764,
      0.0,
      0.02273291022771532,
      0.002643061140553341,
      0.0,
      0.016872060291578853,
      0.02717405280960198,
      0.0024572061713287264,
      0.0,
      0.014323440286116393,
      0.06348209479649594,
      0.0,
      0.0,
      0.022880654710895437,
      0.008111232149956961,
      0.0,
      0.012560785158921443,
      0.00494939898427453,
      0.022020773630590636,
      0.02418743186018276,
      0.002490630538692647,
      0.0,
      0.01301984431035692,
      0.006871675945650982,
      0.01446225015088361,
      0.0,
      0.0,
      0.008392566166539262,
      0.002212319906830425,
      0.008420969003612408,
      0.00769358857394682,
      0.009601063655723758,
      0.0,
      0.0,
      0.012421740193019195,
      0.0,
      0.0025826214944510944,
      0.0,
      0.0,
      0.0,
      0.012839139093218887,
      0.0071574925009093085,
      0.0,
      0.0,
      0.0,
      0.0009728706863485297,
      0.0,
      0.0,
      0.017941296287705976,
      0.009353141886014407,
      0.030291515117469817,
      0.02039449074514709,
      0.0,
      0.036412531629940036,
      0.006343970015848884,
      0.006626365132775457,
      0.018818225884015008,
      0.006151547667282606,
      0.0,
      0.0,
      0.020205731773142176,
      0.0,
      0.0037778611486267303,
      0.0,
      0.0148790228148033,
      0.014759615825915484,
      0.011240642271256464,
      0.0,
      0.003482425254341224,
      0.0,
      0.02178373540512026,
      0.0,
      0.021008516983499197,
      0.015791292695159134,
      0.0015531691353724633,
      0.025888445330467517,
      0.0011397119635433734,
      0.021488678136319796,
      0.011981113849634219,
      0.016503340712360287,
      0.012491498909189064,
      0.0010905669095800756,
      0.023853421013882253,
      0.02402876916661816
    ],
    "low_data": false
  },
  "500000": {
    "median": 0.0036141582629138636,
    "p90": 0.025840206822938108,
    "p10": 0.0,