{
  "100000": {
    "median": 0.0015237650278268368,
    "p90": 0.016188526786074575,
    "p10": 0.0,
    "sample": [
      3.845210793174097e-05,
      0.00021475822315838297,
      0.0,
      0.011227940603380344,
      0.001093420486269975,
      0.01131642299368314,
      0.005426153889387454,
      0.0,
      0.0,
      0.0004419446552294388,
      0.0033593108762000447,
      0.015998730741969367,
      0.02670714619759972,
      0.011339617334595995,
      0.0,
      0.0,
      0.006282190078786684,
      0.0,
      0.0,
      0.0,
      0.0,
      0.00014728075981784342,
      0.00827249417560685,
      0.005347200760127609,
      0.0,
      0.019386486579114164,
      0.0,
      0.0,
      0.01786577164057735,
      0.012223473181923475,
      0.01561472819101636,
      0.011697692495251419,
      0.014915332736609244,
      0.005623531125489319,
      0.0,
      0.008667402758361618,
      0.010444740214653692,
      0.0073154292658165355,
      0.0,
      0.018586107125690143,
      0.0,
      0.019592778810965727,
      0.014238918303093007,
      0.0,
      0.01883049812973357,
      0.01902221524600136,
      0.021855791012129616,
      0.007984831250461271,
      0.0,
      0.011337800123151474,
      0.0,
      0.0034746900937273357,
      0.0016003818323042582,
      0.0009758523871688582,
      0.004959936734358609,
      0.00978743981786357,
      0.01964433674891389,
      0.012373320074769703,
      0.0,
      0.0,
      0.0,
      0.00458089385519744,
      0.001155089624702863,
      0.0,
      0.0,
      0.00040283358646167036,
      0.0,
      0.018143719923547217,
      0.0,
      0.0,
      0.022988614720465487,
      0.002701361933062911,
      0.0016731888788796643,
      0.0,
      0.0,
      0.0,
      0.0,
      0.0,
      0.0,
      0.0,
      0.0,
      0.005202451690589068,
      0.0,
      0.0,
      0.0,
      0.0,
      0.0,
      0.0,
      0.0,
      0.0,
      0.0,
      0.0033732304255897675,
      0.012211049903084678,
      0.016078581444538765,
      0.00974084056978094,
      0.014917703626526085,
      0.012123474451767048,
      0.0,
      0.0,
      0.0,
      0.0030803873640823628,
      0.0,
      0.0014471482233494154,
      0.0,
      0.0,
      0.0,
      0.005430023013140077,
      0.0,
      0.004589799829108351,
      0.0004221802670655722,
      0.007319671514092336,
      0.0,
      0.008229916486338225,
      0.0,
      0.0001859027640633093,
      0.0,
      0.0,
      0.0009901241465657034,
      0.00469995163261702,
      0.0,
      0.0,
      0.00930368335003132,
      0.005101710884845059,
      0.0,
      0.009453256271609416,
      0.002996862251807981,
      0.0,
      0.008366324524283295,
      0.013690270496816741,
      0.0010474765048178202,
      0.0,
      0.007694952228116826,
      0.04347518940649705,
      0.0010351921947936884,
      0.0032873001511931886,
      0.014839461980919476,
      0.004676882397093772,
      0.0,
      0.005593137868687551,
      0.003944163854125288,
      0.01682610990370192,
      0.02053006226362734,
      0.0019024298681786385,
      0.0,
      0.015765814180073195,
      0.0039046310973810607,
      0.003155715881271024,
      0.0,
      0.0003520173905470405,
      0.009785549531285957,
      0.001339145232634665,
      0.010902027191013977,
      0.007206149241806155,
      0.017601740922254867,
      0.0,
      0.0,
      0.01240540466260964,
      0.0012423058530306513,
      9.139409513484674e-05,
      0.0,
      0.0,
      0.0,
      0.008933154279328153,
      0.005184316564499379,
      0.0,
      0.0,
      0.0,
      0.00017906739287999144,
      0.0,
      0.0,
      0.014170540731712446,
      0.007897076590804112,
      0.024972465869540588,
      0.015915580647922593,
      0.0,
      0.01808733114729855,
      0.005163842827433442,
      0.004196451280411812,
      0.016431807645800905,
      0.006267992523588129,
      0.0,
      0.0,
      0.01430614079423829,
      0.0,
      0.002415142335926525,
      0.0,
      0.01593590715206983,
      0.01629847212761039,
      0.011809643348772726,
      0.0,
      0.0,
      0.0,
      0.016535427145790895,
      0.0,
      0.013483474047267689,
      0.015883356319972355,
      0.0,
      0.024816416190982474,
      0.0,
      0.008426411367036151,
      0.008327602298587264,
      0.011767411650894831,
      0.008728988100988508,
      0.00207840277525992,
      0.0032113032810208303,
      0.008666214084555148
    ],
    "low_data": false
  },
  "250000": {
    "median": 0.004659290758535278,
    "p90": 0.019439251163987828,
    "p10": 0.0,