{
  "100000": {
    "median": 0.001260935708216287,
    "p90": 0.014209713669693532,
    "p10": 0.0,
    "sample": [
      3.845210793174097e-05,
      0.00021475822315838297,
      0.0,
      0.0,
      0.0,
      0.0,
      0.0,
      0.0,
      0.0,
      0.0,
      0.0,
      0.013118699251279335,
      0.014853900549063614,
      0.009928030850453625,
      0.01341053505039377,
      0.0,
      0.0,
      0.003180916671400529,
      0.008437375251523669,
      0.0,
      0.007099913284071223,
      0.0,
      0.0,
      0.016124857833629304,
      0.0,
      0.004799320368834848,
      0.006769884159379539,
      0.0,
      0.0008617551289885366,
      0.0,
      0.012019421311899396,
      0.007170991906915771,
      0.0,
      0.0,
      0.0,
      0.00017557320586410055,
      0.008516954496204668,
      0.0023818820997335622,
      0.01496417890321267,
      0.010202011024990406,
      0.006722989031359466,
      0.0,
      0.014458952161891855,
      0.0,
      0.0030345816414651485,
      0.012452859089292001,
      0.015789408915924237,
      0.0004884208320399569,
      0.017874659707882445,
      0.010896716686709357,
      0.0,
      0.002710018079444071,
      0.023678029673845004,
      0.0,
      0.004647722630504475,
      0.014102897173037102,
      0.00474555373647064,
      0.0,
      0.008306516229208425,
      0.016258696365118997,
      0.014764242329852066,
      0.0027377714248041263,
      0.007204912275130913,
      0.001956841008678859,
      0.0,
      0.0025005814475327513,
      0.0,
      0.0031623780180848474,
      0.0009387633133596416,
      0.0,
      0.02816524230470206,
      0.0,
      0.0,
      0.0,
      0.0004127904989269809,
      0.005651067797898805,
      0.00877083804066498,
      0.006530487496979023,
      0.0,
      0.007171141970806577,
      0.0,
      0.016463918770135793,
      0.013370757820285302,
      0.0,
      0.0,
      0.0,
      0.012387329271599027,
      0.0,
      0.010653920797900897,
      0.0018739854678789937,
      0.0,
      0.007293009334734361,
      0.0,
      0.015029476230976883,
      0.004782047489448742,
      0.0,
      0.007952951712569089,
      0.0,
      0.0018128741392995683,
      0.005623490915492405,
      0.0,
      0.0,
      0.004944083473074142,
      0.0008690570404670528,
      0.0014727235291729476,
      0.01963316783463348,
      2.5049912528415756e-05,
      0.008898797480562104,
      0.0,
      0.0073575901865222115,
      0.0,
      0.0,
      0.00601531071866991,
      0.0,
      0.008756238182105813,
      0.006445456731588861,
      0.0046156760823673915,
      0.006751805130704438,
      0.004624923233371535,
      0.0026785396693415476,
      0.00888883040373345,
      0.0,
      0.00848865064471442,
      0.0011678611777154253,
      0.0028459406255605547,
      0.0,
      0.0,
      0.0,
      0.0,
      0.00017477802423542877,
      0.0021951015021975536,
      0.0,
      0.0,
      0.007552202729894101,
      0.014737790829386192,
      0.0,
      0.0,
      0.002621977845167171,
      0.0,
      0.020083748800792105,
      0.022043162771812102,
      0.0,
      0.01846678308568136,
      0.015495155304396997,
      0.0,
      0.0,
      0.0,
      0.011124739817164848,
      0.0,
      0.0,
      0.0023124157147056492,
      0.0002934735547281131,
      0.0014124653763006574,
      0.010473578147377644,
      0.0,
      0.0,
      0.0,
      0.0,
      0.012195108246145345,
      0.0027596612392613053,
      0.0,
      0.004903522247756008,
      0.008540146111150138,
      0.005311557156348115,
      0.0,
      0.009587347579780475,
      0.0013540102387171486,
      0.0,
      0.0,
      0.0,
      0.004474285334370949,
      0.0,
      0.0,
      0.02420697870640124,
      0.002099038176006977,
      0.0032055584838002428,
      0.0,
      0.0,
      0.0021135773744843218,
      0.01590218368763638,
      0.0,
      0.00252761445489589,
      0.0,
      0.0001481450508382888,
      0.02204450187073665,
      0.0,
      0.0,
      0.005198316901064017,
      0.0,
      0.008885011627790075,
      0.008420630067559243,
      0.008290580969555011,
      0.0,
      0.0,
      0.0,
      0.0,
      0.008445998023982906,
      0.0035167375381594122,
      0.0,
      0.0029964903251298225,
      0.002821905428347033,
      0.0,
      0.0,
      0.008293725189897431,
      0.0,
      0.0017301318454924562,
      0.0,
      0.0
    ],
    "low_data": false
  },
  "250000": {
    "median": 0.003991744669776342,
    "p90": 0.016331916390383904,
    "p10": 0.0,