{
  "100000": {
    "median": 0.0,
    "p90": 0.014938120363628708,
    "p10": 0.0,
    "sample": [
      5.154498743919551e-05,
      7.477073095913375e-05,
      0.025189308558865534,
      0.001762790717167922,
      0.007560990655260013,
      0.0,
      0.0,
      0.002017448153782392,
      0.0,
      0.001729471859333326,
      0.0,
      0.0,
      0.026873660202395958,
      0.0,
      0.0,
      0.0,
      0.0007206559603630239,
      0.004859022043001542,
      0.007589489537742261,
      0.00486911603821244,
      0.0,
      0.005679510738820731,
      0.0,
      0.011452654085032514,
      0.008878783859860483,
      0.0,
      0.0,
      0.0,
      0.007537773550821602,
      0.0,
      0.005836534392035226,
      0.0006698710845480314,
      0.0,
      0.0044396297760453205,
      0.0,
      0.008174553893727142,
      0.0024177373551188355,
      0.0,
      0.007959303778360956,
      0.0,
      0.0012986251109674627,
      0.006029488474489369,
      0.0,
      0.0,
      0.005838874546005849,
      0.0003478419740317937,
      0.0,
      0.02519693576997452,
      0.0,
      0.009683352572475021,
      0.0,
      0.007051548798141481,
      0.0,
      0.0,
      0.010139288971859641,
      0.0,
      0.014045583033796206,
      0.0074118397325493995,
      0.00575040069788512,
      0.007322636737476712,
      0.0,
      0.0032570028227508546,
      0.00985434431398819,
      0.0,
      0.010054515677018285,
      0.0013481946572847046,
      0.002665158547632074,
      0.0,
      0.0,
      0.0,
      0.0,
      0.0,
      0.00119504799686007,
      0.0,
      0.0,
      0.006472057638583756,
      0.014862015199638898,
      0.0,
      0.0,
      8.038727620802415e-05,
      0.0,
      0.02952554271977468,
      0.03429592289526598,
      0.0,
      0.01975979936514365,
      0.017037704556390237,
      0.0,
      0.0,
      0.0,
      0.014465296784192347,
      0.0,
      0.0,
      0.0001513841691256503,
      0.0,
      0.0,
      0.003998306362038267,
      0.0,
      0.0,
      0.0,
      0.0,
      0.023804064692135973,
      0.00460220060317339,
      0.0,
      0.008605798889492087,
      0.01747509155722519,
      0.009871830509460212,
      0.0,
      0.018189242022080887,
      0.0,
      0.0,
      0.0,
      0.0,
      0.004391112304991377,
      0.0,
      0.0,
      0.037428591116162035,
      0.0,
      0.0,
      0.0,
      0.0,
      0.0,
      0.021084913921062366,
      0.0,
      0.00037222855480197254,
      0.0,
      0.0,
      0.030671044338744166,
      0.0,
      0.0,
      0.0033162337777557518,
      0.0,
      0.01142241681639265,
      0.016217987496002253,
      0.015623066839537037,
      0.0,
      0.0,
      0.0,
      0.0,
      0.007936786240925729,
      0.0,
      0.0,
      0.004336488164556777,
      0.0,
      0.0,
      0.0,
      0.013006071925211258,
      0.0,
      0.0003709071420373171,
      0.0,
      0.0
    ],
    "low_data": false
  },
  "250000": {
    "median": 5.878986328840924e-05,
    "p90": 0.015756082656543987,
    "p10": 0.0,
    "sample": [
      0.00011757972657681848,
      0.00017056017546797594,
      0.025422047934017276,
      0.002296589761977602,
      0.00793798424934112,
      0.0001993870891787052,
      0.0,
      0.0024917567340219564,
      0.0,
      0.0020194522579915298,
      0.00021803951849171598,
      0.0,
      0.027522242321262356,
      0.0,
      0.0,
      0.0,
      0.0015739877065116669,
      0.006175452767373903,
      0.008954472321691196,
      0.0056257911289751055,
      0.0,
      0.006604165035321081,
      0.0,
      0.01284200449225082,
      0.010086385164596272,
      0.0,
      0.0,
      0.0,
      0.008426104378688116,
      0.0,
      0.006572220765792515,
      0.001127641828987168,
      0.0,
      0.006608619322168083,
      0.00011781159795564138,
      0.009823451104207593,
      0.0026228387668718583,
      0.0,
      0.009064537065310024,
      0.0,
      0.0020697566602773413,
      0.007028965721016651,
      0.0,
      0.0007636702949610037,
      0.007364134137607213,
      0.0011581552525207134,
      0.00029994365591203085,
      0.02615202791028648,
      0.0,
      0.010015165415536613,
      0.0,
      0.008969794523536665,
      0.0,
      0.0,
      0.011861384082163588,
      0.0,
      0.01764224031777028,
      0.010534993059730444,
      0.006455338847219541,
      0.008611651683510161,
      0.0004134870642608524,
      0.0035195392443515563,
      0.010639455309653918,
      0.0,
      0.01014654086412819,
      0.0014784393446916177,
      0.003181749821947931,
      0.0,
      0.0,
      0.0,
      0.0,
      0.0,
      0.001959729691811363,
      0.0,
      0.0,
      0.006847427943090354,
      0.015360639437372462,
      0.0,
      0.0,
      0.00022858161914531016,
      0.0,
      0.029714980074213165,
      0.034328056649748105,
      0.0,
      0.019883064247050254,
      0.017304660045869984,
      0.0,
      0.0,
      0.0,
      0.014525490214687551,
      0.0,
      0.0,
      0.0003210332240556467,
      0.0,
      0.0,
      0.004352920774607378,
      0.0,
      0.0,
      0.0,
      0.0,
      0.0239425266156398,
      0.0048125669344482175,
      0.0,
      0.008883250457009178,
      0.017632762057435473,
      0.010046574717988097,
      0.0,
      0.01830139459119851,
      0.0,
      0.0,
      0.0,
      0.0,
      0.004569201122937745,
      0.0,
      0.0,
      0.037490507875885454,
      0.0,
      0.0,
      0.0,
      0.0,
      0.0,
      0.021179478676686146,
      0.0,
      0.0004982021907965599,
      0.0,
      0.0,
      0.030852340416331833,
      0.0,
      0.0,
      0.0034019769679013386,
      0.0,
      0.011487317987606686,
      0.016364655545141625,
      0.01568846344669981,
      0.0,
      0.0,
      0.0,
      0.0,
      0.008023866046706567,
      0.0,
      0.0,
      0.0045609143236630565,
      0.0,
      0.0,
      0.0,
      0.013143373451940468,
      0.0,
      0.0006147179745315601,
      0.0,
      0.0
    ],
    "low_data": false
  },
  "500000": {
    "median": 0.0006375567556491013,
    "p90": 0.016175691726519795,
    "p10": 0.0,