{
  "100000": {
    "median": 0.0,
    "p90": 0.0209222043922082,
    "p10": 0.0,
    "sample": [
      5.154498743919551e-05,
      7.477073095913375e-05,
      0.0,
      0.004558231553095027,
      0.0,
      0.0,
      0.0,
      0.0,
      0.0,
      0.01750408793873909,
      0.0,
      0.0,
      0.021698060722575383,
      0.0019744820352846793,
      0.0,
      0.0,
      0.0,
      0.0,
      0.0,
      0.0,
      0.0,
      0.0,
      0.0,
      0.003958969410677652,
      0.0,
      0.0,
      0.0,
      0.0,
      0.0,
      0.0,
      0.0,
      0.0,
      0.0,
      0.0023839278649886333,
      0.007555045039120817,
      0.008722047673422436,
      0.0069857129965832385,
      0.013397988178030305,
      0.012265152635325035,
      0.0,
      0.0,
      0.0,
      0.0028193353240512893,
      0.0,
      0.0016734044216928378,
      0.0,
      0.0,
      0.0,
      0.002721281619463567,
      0.0,
      0.0031373127315642447,
      0.0,
      0.0078017488246609375,
      0.0,
      0.014282890989401664,
      0.0,
      0.0014538946281972263,
      0.0,
      0.0,
      0.0,
      0.0,
      0.0,
      0.0,
      0.006334931599985918,
      0.0005603350375054883,
      0.0,
      0.019368807825694397,
      0.0015463612315612905,
      0.0,
      0.01329912916358562,
      0.024461569207984205,
      0.0,
      0.0,
      0.012953866763981303,
      0.06714019785965761,
      0.0,
      0.0,
      0.018877845813283278,
      0.005980756434212777,
      0.0,
      0.008686461093509588,
      0.0035315290526057442,
      0.025367146475509472,
      0.027284652922356278,
      0.0,
      0.0,
      0.017034824066703425,
      0.004488784558348844,
      0.0014306953882302883,
      0.0,
      0.0,
      0.009078844399303673,
      0.0,
      0.015113989510558362,
      0.010904335364321368,
      0.017769094161558408,
      0.0,
      0.0,
      0.021844260206353088,
      0.0,
      0.0,
      0.0,
      0.0,
      0.0,
      0.018372549012094844,
      0.009577874379094194,
      0.0,
      0.0,
      0.0,
      0.0,
      0.0,
      0.0,
      0.018051043682057087,
      0.009797281215911037,
      0.039684059322805526,
      0.024278532399958877,
      0.0,
      0.012762203725432159,
      0.006968454503968436,
      0.005612421356988847,
      0.023621902786993536,
      0.005525489116591746,
      0.0,
      0.0,
      0.0211349300605918,
      0.0,
      0.0005379302968549281,
      0.0,
      0.023797021089254994,
      0.021999159263319145,
      0.014947640614703033,
      0.0,
      0.0,
      0.0,
      0.030039911749675945,
      0.0,
      0.02213404553343414,
      0.019767694344340444,
      0.0,
      0.042446894386475725,
      0.0,
      0.014706746374298205,
      0.0056022279219492795,
      0.020831036248615226,
      0.014135179302388454,
      0.0009092014196292584,
      0.004923159878481421,
      0.007003843625532677
    ],
    "low_data": false
  },
  "250000": {
    "median": 0.0,
    "p90": 0.021067005922422322,
    "p10": 0.0,
    "sample": [
      0.00011757972657681848,
      0.00017056017546797594,
      0.0,
      0.005092030597904707,
      0.0,
      0.0,
      0.0,
      0.00032339419053515847,
      0.0,
      0.017794068337397294,
      0.0,
      0.0,
      0.02234664284144178,
      0.002715135176565259,
      0.0,
      0.0,
      0.0,
      0.0,
      0.0,
      0.0,
      0.0,
      0.0,
      0.0,
      0.005348319817895958,
      0.0,
      0.0,
      0.0,
      0.0,
      0.0,
      0.0,
      0.0,
      0.0,
      0.0,
      0.004552917411111396,
      0.009893228866679643,
      0.010370944883902885,
      0.007190814408336261,
      0.014178612506697484,
      0.013370385922274103,
      0.0,
      0.0,
      0.0,
      0.003987751100328854,
      0.0,
      0.0031986640132942016,
      0.0,
      0.0,
      0.0,
      0.0033703521238929567,
      0.0,
      0.004360883412733075,
      0.0,
      0.008248938305778313,
      0.0,
      0.01600498609970561,
      0.0,
      0.0050505519121713,
      0.0,
      0.0,
      0.0005082554619687053,
      0.0005183558296656505,
      0.0,
      0.0,
      0.007136990299961554,
      0.0006523602246153923,
      0.0,
      0.019885399100010255,
      0.0018542677340546293,
      0.0,
      0.013655071219427052,
      0.025053303706436096,
      0.0,
      0.0,
      0.013989821071425575,
      0.06735992331816548,
      0.0,
      0.0,
      0.01936178864021899,
      0.006451305777223636,
      0.0,
      0.009160455895291755,
      0.0037209664070442334,
      0.0253992802299916,
      0.027385060424251505,
      0.0,
      0.0,
      0.017235717517863812,
      0.004547864841647848,
      0.001504813512828692,
      0.0,
      0.0,
      0.009289859245193773,
      0.0,
      0.01537122374183359,
      0.011018331762416695,
      0.01812370857412752,
      0.0,
      0.0,
      0.022081845293886147,
      0.0,
      0.0,
      0.0,
      0.0,
      0.0,
      0.018530219512305126,
      0.009752618587622079,
      0.0,
      0.0,
      0.0,
      0.0,
      0.0,
      0.0,
      0.018229132500003454,
      0.009874760866536228,
      0.03971546314249952,
      0.024340449159682292,
      0.0,
      0.012876557517210252,
      0.007034661796786929,
      0.005696422237599175,
      0.0236951153592177,
      0.0056200538722155245,
      0.0,
      0.0,
      0.0213562720668857,
      0.0,
      0.0007192263744425912,
      0.0,
      0.023816293901335023,
      0.022084902453464735,
      0.015029427351647112,
      0.0,
      0.0,
      0.0,
      0.03012223346145469,
      0.0,
      0.022204500328330695,
      0.019851296414404626,
      0.0,
      0.04254694038431853,
      0.0,
      0.014931172533404483,
      0.005774449995755036,
      0.020943034717652298,
      0.014238434183795265,
      0.001012578817536572,
      0.006085599871858858,
      0.007867390738061305
    ],
    "low_data": false
  },
  "500000": {
    "median": 0.0007655162944547965,
    "p90": 0.021290303551403454,
    "p10": 0.0,