{
  "100000": {
    "median": 0.00018722463658672837,
    "p90": 0.01509902914266275,
    "p10": 0.0,
    "sample": [
      0.0004673132289678061,
      0.0011120606359018204,
      0.0,
      0.0,
      0.0,
      0.00038414414094411207,
      0.0,
      0.01336613009951431,
      0.0,
      0.0,
      0.017035157328748347,
      0.0022344355033690616,
      0.0008989349129805334,
      0.00027544063783693567,
      9.15274605640037e-05,
      0.0,
      0.0,
      0.0,
      0.0,
      0.0,
      0.0,
      0.0038608311007558853,
      0.0,
      0.0,
      0.0,
      0.0,
      0.0,
      0.0,
      0.0,
      0.0,
      0.0,
      0.0011184887445874,
      0.008404339602357466,
      0.012233655048274977,
      0.006480316523334552,
      0.012367958402739593,
      0.012069683047760219,
      0.0,
      0.0,
      0.0,
      0.002488449638561148,
      0.0,
      0.0014339747679198546,
      0.0,
      0.0,
      0.0,
      0.0032628479816222086,
      0.0,
      0.0029271260914856103,
      0.0,
      0.008711984650176243,
      0.0,
      0.015623391290882726,
      0.0,
      0.0,
      0.0,
      0.0,
      0.0,
      0.0,
      0.0,
      0.0,
      0.0068600295593893345,
      0.002567665222658814,
      4.683058712793881e-05,
      0.011834293392973988,
      0.002680353414903585,
      0.0,
      0.007398154681894173,
      0.010819089772554769,
      0.0003127461675390845,
      0.0,
      0.007260091593489182,
      0.04046463102172495,
      0.0,
      0.0,
      0.012342325187668965,
      0.003566182771671542,
      0.0,
      0.004918265554255387,
      0.0020908148368968702,
      0.015217318704235818,
      0.016365597513748435,
      1.3926910310931061e-05,
      0.0,
      0.013933906943609199,
      0.004238276220418427,
      0.0015426584446519118,
      0.0,
      0.0,
      0.008617424238738137,
      0.0006894876227152027,
      0.012766307799171886,
      0.009123972949631782,
      0.014921594800303152,
      0.0,
      0.0,
      0.017698430965412456,
      0.0,
      0.0,
      0.0,
      0.0,
      0.0,
      0.01472108722769433,
      0.008103467955811027,
      0.0,
      0.0,
      0.0,
      0.00018722463658672837,
      0.0,
      0.0,
      0.011667053554654923,
      0.007377437250154837,
      0.02238363917835795,
      0.01201509660191627,
      0.0,
      0.007189744787613148,
      0.004280287395820321,
      0.0035049839273434817,
      0.01198737468899047,
      0.0031415142774545717,
      0.0,
      0.0,
      0.015305797689694743,
      0.0,
      0.0006694338595027236,
      0.017101909425080872,
      0.015891233399626947,
      0.010643060314788311,
      0.0,
      0.0,
      0.0,
      0.024278334085770396,
      0.0,
      0.017050456454888535,
      0.016155864828705162,
      0.0,
      0.03629300107375316,
      0.0,
      0.013068590347797934,
      0.005232115515368037,
      0.015924749981806853,
      0.011647862725569474,
      0.0016784320799187956,
      0.012031674574658213,
      0.007121930168917191
    ],
    "low_data": false
  },
  "250000": {
    "median": 0.0015336437642711398,
    "p90": 0.01647742211578322,
    "p10": 0.0,
    "sample": [
      0.0010659923382963655,
      0.0025367313487159853,
      0.00023714527512866575,
      0.0,
      0.0,
      0.0014124104684934368,
      0.0,
      0.013950437119003614,
      0.0,
      0.0,
      0.01912985991185378,
      0.00382715249236751,
      0.002947976719808175,
      0.0029939246334161297,
      0.001561680034455175,
      0.0,
      0.0,
      0.0,
      0.0,
      0.0,
      0.0,
      0.004861537618449214,
      0.0,
      0.0,
      0.0,
      0.0,
      0.0,
      0.0,
      0.0,
      0.0,
      0.0,
      0.0013737603507140137,
      0.009561382242940997,
      0.015397081225988042,
      0.007073057577761309,
      0.01430133633970685,
      0.012365554474397262,
      0.0,
      0.0,
      0.0,
      0.0030785812857157383,
      0.0,
      0.0025909000349027106,
      0.0,
      0.0,
      0.0,
      0.003965133265228115,
      0.0,
      0.003376800835173087,
      0.0,
      0.00908422849625605,
      0.0,
      0.017841994029156757,
      0.0,
      0.0006485367072468682,
      0.0,
      0.00039790602562329684,
      0.0,
      0.0015832010683017018,
      0.002839552345676231,
      0.0,
      0.007649590711695254,
      0.0055467219911036324,
      0.0021391306010669995,
      0.014887127749036437,
      0.005295186775487635,
      0.0,
      0.009794701654352367,
      0.013192356568633651,
      0.0015458817238319074,
      0.0,
      0.007831025823205055,
      0.04207564283496944,
      0.0,
      0.0015336437642711398,
      0.014521278207377922,
      0.0039269123193281,
      0.0,
      0.005225404519875386,
      0.0023415310171325705,
      0.017059452006104783,
      0.01817794081246347,
      0.0013882234611254612,
      0.0,
      0.016517973695419186,
      0.004298726460951381,
      0.0020016536046888775,
      0.0,
      0.0,
      0.009863721161843475,
      0.0029233152029981458,
      0.015377274063952853,
      0.010471880738897271,
      0.01493099013135143,
      0.0,
      0.0,
      0.01797560263436501,
      0.0,
      0.0007536258133736135,
      0.0,
      0.0,
      0.0,
      0.016108675553334277,
      0.009225839501898772,
      0.0,
      0.001452080082993459,
      0.0,
      0.001294766882894387,
      0.0,
      0.0,
      0.013224457328907646,
      0.009687189940827758,
      0.023122330604914223,
      0.013541253310940962,
      0.0,
      0.009062251063804686,
      0.005778453861708088,
      0.00489209653111667,
      0.012814241616139529,
      0.003923972766641297,
      0.0,
      0.0,
      0.015494994304184315,
      0.0,
      0.0011620934965455858,
      0.017999620193905136,
      0.016880365077640628,
      0.011626078984087448,
      0.0,
      0.0,
      0.0,
      0.024488592629410638,
      0.0,
      0.017632764327409182,
      0.016416594746329272,
      0.0,
      0.03682600637743135,
      0.0,
      0.013875398093455789,
      0.005661389791280235,
      0.016530792317146898,
      0.01299861645713207,
      0.0030170450250510336,
      0.02333582567498307,
      0.009983975482902597
    ],
    "low_data": false
  },
  "500000": {
    "median": 0.00350751847727649,
    "p90": 0.018480722622337648,
    "p10": 0.0,