{
  "100000": {
    "median": 0.0006869803206944807,
    "p90": 0.010875306302628006,
    "p10": 0.0,
    "sample": [
      2.2918932826920905e-05,
      1.052789615087425e-05,
      0.007652108406704456,
      0.01962598858926519,
      0.01240365421813736,
      0.019720206232763497,
      0.016297214311996284,
      0.0,
      0.0,
      0.0,
      0.0023613644103645994,
      0.0,
      0.0006176616264844636,
      0.0,
      0.0,
      0.0,
      0.002581583577219044,
      0.0,
      0.00256087710750541,
      0.0,
      0.007858060166340124,
      0.0,
      0.011304860669004069,
      0.0,
      0.0,
      0.0,
      0.0,
      0.0,
      0.0,
      0.0,
      0.0,
      0.00790516608396425,
      0.0003621696480716796,
      0.0,
      0.011125777453127183,
      0.000866491959654357,
      0.0,
      0.006939548598799358,
      0.012099282353023773,
      0.0,
      0.0,
      0.006226693915815864,
      0.033619323374485775,
      0.0,
      0.0,
      0.009446769680448457,
      0.0029347230718787445,
      0.0,
      0.0042731644741363746,
      0.0014949907816152635,
      0.009966049979906957,
      0.010215028225125858,
      0.0,
      0.0,
      0.008235088251124272,
      0.002389102189793749,
      0.000756299014904498,
      0.0,
      0.0,
      0.004027622455247679,
      0.0,
      0.006800383759190244,
      0.005030992588624326,
      0.008030897065032364,
      0.0,
      0.0,
      0.010121388649942643,
      0.0,
      0.0,
      0.0,
      0.0,
      0.0,
      0.007501048409615159,
      0.004007901200983368,
      0.0,
      0.0,
      0.0,
      0.0,
      0.0,
      0.0,
      0.010119365849917397,
      0.0053845394256414,
      0.01867294240450759,
      0.01170654897660086,
      0.0,
      0.006819237086979203,
      0.00284493282678213,
      0.002120111804165439,
      0.008661213751354865,
      0.002257558856328635,
      0.0,
      0.0,
      0.009097271202166003,
      0.0,
      0.0002655903105485026,
      0.008624898949050346,
      0.0077693281830830225,
      0.004899988575450998,
      0.0,
      0.0,
      0.010290873618129914,
      0.0,
      0.007577630463503426,
      0.007416719618337643,
      0.0,
      0.016466359771980646,
      0.0,
      0.008388217116408617,
      0.0033499917823597127,
      0.011988750980027706,
      0.008327140825511363,
      0.0018311138096375296,
      0.0035679521335485005,
      0.004505636336900092
    ],
    "low_data": false
  },
  "250000": {
    "median": 0.0008429688478154679,
    "p90": 0.011055114075003028,
    "p10": 0.0,
    "sample": [
      5.228058030668303e-05,
      2.401527699098134e-05,
      0.007689220935943256,
      0.019673079903053264,
      0.012481460176355577,
      0.01975443737977051,
      0.016439973238904483,
      0.0,
      0.0,
      0.0,
      0.002505744928825197,
      0.0,
      0.0006699681140365934,
      0.0,
      0.0,
      0.0,
      0.002668913961657174,
      0.0,
      0.002666168548402542,
      0.0,
      0.007978901647372676,
      0.0,
      0.01153837435436138,
      0.0,
      0.0,
      0.0,
      0.0,
      0.0,
      0.0,
      0.0,
      0.0,
      0.00809632183100709,
      0.0004645957301304838,
      0.0,
      0.011264589451050466,
      0.0010159695815943424,
      0.0,
      0.0070231975078308435,
      0.01222975830833467,
      0.0,
      0.0,
      0.006316816185061212,
      0.033874265809732386,
      0.0,
      0.0,
      0.009589136779850507,
      0.003123499392183036,
      0.0,
      0.004386466152798893,
      0.0017787753823229199,
      0.010078199893000378,
      0.010386001981855913,
      0.0,
      0.0,
      0.008605572868470093,
      0.0027135131581491646,
      0.0010172105070952813,
      0.0,
      0.0,
      0.004232175195256248,
      0.0,
      0.0070533503947348385,
      0.005173448514903537,
      0.008208201386496056,
      0.0,
      0.0,
      0.01021640856143589,
      0.0,
      0.0,
      0.0,
      0.0,
      0.0,
      0.007777555296577068,
      0.004222829857739802,
      0.0,
      0.0,
      0.0,
      0.0,
      0.0,
      0.0,
      0.010361332754448598,
      0.005622428086021279,
      0.018926432668244193,
      0.01208594865407717,
      0.0,
      0.008725884550735582,
      0.0031279258538833114,
      0.0023709659165931382,
      0.008887655235891209,
      0.0025066177502268026,
      0.0,
      0.0,
      0.00934800935030331,
      0.0,
      0.00041793512887649555,
      0.008750336490189406,
      0.007948140957550105,
      0.005122894169280676,
      0.0,
      0.0,
      0.010566338197558997,
      0.0,
      0.007728797055661361,
      0.007611059768134436,
      0.0,
      0.01668362575412738,
      0.0,
      0.008429407831424336,
      0.003448483302573741,
      0.012112573808900398,
      0.00842182981874876,
      0.00358034419391439,
      0.005181833966652808,
      0.005754091415930869
    ],
    "low_data": false
  },
  "500000": {
    "median": 0.0009985539205319988,
    "p90": 0.011609875647070557,
    "p10": 0.0,
    "sample": [
      9.755901248564954e-05,
      4.481409146696076e-05,
      0.0077464519594846685,
      0.019745699154375632,
      0.012601444308878499,
      0.019807225039905504,
      0.016660120980764345,
      0.0,
      0.0,
      0.0,
      0.0027283933179385175,
      0.0,
      0.0007506296556200988,
      0.0,
      0.0,
      0.0,
      0.002803585658525356,
      0.0,
      0.0028285378898699263,
      0.0,
      0.008165250618666253,
      0.0,
      0.011898474501078254,
      0.0,
      0.0,
      0.0,
      0.0,
      0.0,
      0.0,
      0.0,
      0.0,
      0.008391102038216669,
      0.0006225464177767887,
      0.0,
      0.011478650655822044,
      0.001246478185443899,
      0.0,
      0.007152192022087484,
      0.01243096454846824,
      0.0,
      0.0,
      0.006455793231858489,
      0.03426741111167127,
      0.0,
      0.0,
      0.009808680286707026,
      0.00341461029874181,
      0.0,
      0.004561188037073945,
      0.0022163980261283556,
      0.010251145646040205,
      0.010649659654805663,
      1.9429545577051045e-05,
      0.0,
      0.009176895122488895,
      0.003213785496032043,
      0.0014195606583262722,
      0.0,
      0.0,
      0.0045476148303068235,
      0.0,
      0.007443448827015998,
      0.005393129001189976,
      0.008481621387875917,
      0.0,
      0.0,
      0.010362938234921137,
      0.0,
      0.00015810573724611644,
      0.0,
      0.0,
      0.0,
      0.008203955018764026,
      0.004554270135911189,
      0.0,
      0.0,
      0.0,
      0.0,
      0.0,
      0.0,
      0.010734468563122886,
      0.00598927485722442,
      0.01931733858462839,
      0.01267101877240665,
      0.0,
      0.011666114929034204,
      0.003564327816462323,
      0.002757806638804018,
      0.009236849381320219,
      0.002890690075994946,
      0.0,
      0.0,
      0.009734671244631272,
      0.0,
      0.0006528652202222037,
      0.008943773020039304,
      0.008223887135860471,
      0.005466635637448834,
      0.0,
      0.0,
      0.010991130583135595,
      0.0,
      0.00796191021102726,
      0.007910750625001014,
      0.0,
      0.017018670408696167,
      0.0,
      0.008492927802418056,
      0.003600366524429326,
      0.012303520300005307,
      0.008567849185044515,
      0.006277822575345764,
      0.00767059210515463,
      0.007679327003046474
    ],
    "low_data": false
  },
  "1000000": {
    "median": 0.0013839413609880776,
    "p90": 0.012493745297009652,
    "p10": 0.0,