{
  "100000": {
    "median": 0.0,
    "p90": 0.009485615409447787,
    "p10": 0.0,
    "sample": [
      2.2918932826920905e-05,
      1.052789615087425e-05,
      0.0,
      0.018183481931685147,
      0.004143277364741265,
      0.0,
      0.010185053611382812,
      0.0,
      0.0010298188077590786,
      0.007004970684246426,
      0.0,
      0.0,
      0.005594143984862314,
      0.0,
      0.0,
      0.02879452173757845,
      0.0,
      0.011006958683837107,
      0.0,
      0.006170825045398951,
      0.0,
      0.0,
      0.007742858193003614,
      0.0,
      0.011885911567953529,
      0.0053341113763664206,
      0.005383226892483679,
      0.0059920784088704345,
      0.0,
      0.0038367643232170767,
      0.012500893409028989,
      0.0,
      0.005847163565592117,
      0.0007537377573150002,
      0.0014223416048668566,
      0.0,
      0.0,
      0.0,
      0.0,
      0.0,
      0.0005130027363822767,
      0.0,
      0.0,
      0.0031548090316547,
      0.0072202869492486756,
      0.0,
      0.0,
      0.0001698376287190031,
      0.0,
      0.01127811292992881,
      0.013446547721505681,
      0.0,
      0.010246289132555826,
      0.008786177207512763,
      0.0,
      0.0,
      0.0,
      0.005906980804520123,
      0.0,
      0.0,
      0.00014792651690239962,
      0.0,
      0.0,
      0.0018175364578944322,
      0.0,
      0.0,
      0.0,
      0.0,
      0.011063706990368065,
      0.002129506131660118,
      0.0,
      0.003721215339886479,
      0.007142782226275616,
      0.004127462069841725,
      0.0,
      0.00802698295014692,
      0.0,
      0.0,
      0.0,
      0.0,
      0.0025462524886394043,
      0.0,
      0.0,
      0.017899127354849817,
      0.00020542732757071117,
      0.0,
      0.0,
      0.0,
      2.3280594756659105e-06,
      0.008145920005731866,
      0.0,
      0.0002099831957253816,
      0.0,
      0.0,
      0.011414862647165853,
      0.0,
      0.0012699399097108148,
      0.0,
      0.003764442735521593,
      0.00486320081160333,
      0.0,
      0.0,
      0.0,
      0.0,
      0.003086279795342669,
      0.0,
      0.0,
      0.0024250226743465536,
      0.0,
      0.0,
      0.0,
      0.007431067836229682,
      0.0,
      0.0003339506920742192,
      0.0,
      0.0
    ],
    "low_data": false
  },
  "250000": {
    "median": 0.0,
    "p90": 0.0096786557713523,
    "p10": 0.0,
    "sample": [
      5.228058030668303e-05,
      2.401527699098134e-05,
      0.0,
      0.01823057324547322,
      0.0042210833229594825,
      0.0,
      0.010327812538291013,
      0.0,
      0.0011989910114396408,
      0.007166546105912814,
      0.0,
      0.0,
      0.005646450472414444,
      0.0,
      0.0,
      0.028904293651989193,
      0.0,
      0.011110487998279048,
      0.0,
      0.006289342215180718,
      0.0,
      0.0,
      0.007976371878360925,
      0.0,
      0.012077358399996588,
      0.005517417664686202,
      0.005635427886906503,
      0.006114967028207225,
      0.0,
      0.003907422909014042,
      0.012650073015471792,
      0.0,
      0.0059495896476509215,
      0.0008105704522554475,
      0.0015611536027901403,
      0.0,
      0.0,
      0.0,
      0.0,
      0.0,
      0.0007888369647284482,
      0.0,
      0.0,
      0.0032595477084001907,
      0.0073559046424986115,
      0.0,
      0.0,
      0.0004101712269409604,
      0.0,
      0.011561897530636467,
      0.013558697634599102,
      0.0,
      0.010482769754771625,
      0.009029499004413584,
      0.0,
      0.0,
      0.0,
      0.006024547790741339,
      0.0,
      0.0,
      0.0003268992306397838,
      0.0,
      0.0,
      0.0019948407793581257,
      0.0,
      0.0,
      0.0,
      0.0,
      0.011221779355792208,
      0.0022579108025625183,
      0.0,
      0.0039016911922347755,
      0.007419289113237524,
      0.004342390726598159,
      0.0,
      0.008217761147786181,
      0.0,
      0.0,
      0.0,
      0.0,
      0.0027882193931706043,
      0.0,
      0.0,
      0.018278527032326127,
      0.0006073774683912756,
      0.0,
      0.0,
      0.0,
      0.00022876954401200995,
      0.008394978899630035,
      0.0,
      0.000328727435543927,
      0.0,
      1.9290004778103843e-05,
      0.011567207465493846,
      0.0,
      0.0014487526841778973,
      0.0,
      0.004029598627697375,
      0.0051064684971554005,
      0.0,
      0.0,
      0.0,
      0.0,
      0.00325011121590539,
      0.0,
      0.0,
      0.0024662133893622712,
      0.0,
      0.0,
      0.0,
      0.0077420050450390365,
      0.0,
      0.0006275531947139646,
      0.0,
      0.0
    ],
    "low_data": false
  },
  "500000": {
    "median": 0.0,
    "p90": 0.009976342232587865,
    "p10": 0.0,
    "sample": [
      9.755901248564954e-05,
      4.481409146696076e-05,
      0.0,
      0.01830319249679559,
      0.004341067455482403,
      0.0,
      0.010547960280150877,
      0.0,
      0.0014598705195188891,
      0.007415710658983348,
      0.0,
      0.0,
      0.005727112013997949,
      0.0,
      0.0,
      0.02907357230657518,
      0.0,
      0.01127013997440625,
      0.0,
      0.00647210687910857,
      0.0,
      0.0,
      0.0083364720250778,
      0.0,
      0.012372587487755184,
      0.0058000932655490655,
      0.006024345628300702,
      0.006304472880017581,
      0.0,
      0.004016385118545192,
      0.01288012205129177,
      0.0,
      0.0061075403352972265,
      0.0008982118329096704,
      0.0017752148075617178,
      0.0,
      0.0,
      0.0,
      0.0,
      0.0,
      0.0012141993838303774,
      0.0,
      0.0,
      0.003421064635364326,
      0.007565039927918734,
      0.0,
      0.0,
      0.0007807883231008534,
      0.0,
      0.011999520174441902,
      0.01373164338763893,
      0.0,
      0.01084744519820572,
      0.009404724185024853,
      0.0,
      0.0,
      0.0,
      0.006205847181920662,
      0.0,
      0.0,
      0.000602892050403363,
      0.0,
      0.0,
      0.002268260780737986,
      0.0,
      0.0,
      0.0,
      0.0,
      0.011465541865445631,
      0.0024559229266071314,
      0.0,
      0.004180001993633979,
      0.007845688835424481,
      0.0046738310047695466,
      0.0,
      0.008511959138174452,
      0.0,
      0.0,
      0.0,
      0.0,
      0.0031613552018448926,
      0.0,
      0.0,
      0.018863597150655605,
      0.001227222529981035,
      0.0013257277117729388,
      0.0,
      0.0,
      0.0005779636894410187,
      0.008779051225398177,
      0.0,
      0.0005118422629041015,
      0.0,
      0.0005832706644114108,
      0.011802137556839554,
      0.0,
      0.001724498862488264,
      0.0,
      0.004438494044380298,
      0.005481610232958734,
      0.0,
      0.0,
      0.0,
      0.0,
      0.0035027547322423356,
      0.0,
      0.0,
      0.0025297333603559913,
      0.0,
      0.0,
      0.0,
      0.008221499573767216,
      0.0,
      0.001080315970117201,
      0.0,
      0.0
    ],
    "low_data": false
  },
  "1000000": {
    "median": 3.338889717498033e-05,
    "p90": 0.010531844811521116,
    "p10": 0.0,