{
  "100000": {
    "median": 0.0,
    "p90": 0.024231643015439886,
    "p10": 0.0,
    "sample": [
      0.0001518776520228345,
      4.891028398010864e-05,
      0.011197580448138428,
      0.01742368326060593,
      0.0,
      0.0,
      0.0,
      0.0051667715523977505,
      0.0,
      0.0,
      0.0,
      0.0,
      0.014865872445284646,
      0.0,
      0.004056350242503548,
      0.024040366105141,
      0.023438410243423417,
      0.0,
      0.0,
      0.001774885902972541,
      0.0,
      0.0,
      0.0,
      0.0,
      0.004220123399057694,
      0.0,
      0.018751983769356783,
      0.0042933528939025495,
      0.0048188379426211255,
      0.0379646115826694,
      0.019969425273027204,
      0.017207416797820136,
      0.0,
      0.0,
      0.0,
      0.0,
      0.0,
      0.0,
      0.0,
      0.010072984164190862,
      0.0,
      0.01825604491258689,
      0.0016577039505509899,
      0.029041024315667803,
      0.009476060958851605,
      0.0,
      0.0,
      0.00037874680871804957,
      0.004252858280841107,
      0.024704879558045244,
      0.04306389837129167,
      0.017533087360496077,
      0.0,
      0.0,
      0.00959125026962999,
      0.0,
      0.0,
      0.0,
      0.0,
      0.0,
      0.012321121005652788,
      0.007742643166518325,
      0.0,
      0.025225419140058027,
      0.0,
      0.0,
      0.02845228824912866,
      0.027736742284095166,
      0.0361722272970464,
      0.024275283591922957,
      0.030819959548607397,
      0.011180995265070305,
      0.0,
      0.014370071717570593,
      0.019544343781931192,
      0.013132813434399978,
      0.0,
      0.03516604163082461,
      0.0,
      0.03868686250382161,
      0.027332890934820338,
      0.0,
      0.038339228476434194,
      0.038993751875531855,
      0.04322074492420398,
      0.012291876215639727,
      0.0,
      0.014886156021062974,
      0.0,
      0.0041215474383198315,
      0.0,
      0.0,
      0.004258809151675238,
      0.015714197950391817,
      0.034580907207932894,
      0.019152151507834957,
      0.0,
      0.0,
      0.0,
      0.004366405968652668,
      0.0,
      0.0,
      0.0,
      0.0,
      0.0,
      0.03002682185130402,
      0.0,
      0.0,
      0.039254039754410705,
      0.002804350756786791,
      0.0,
      0.0,
      0.0,
      0.0,
      0.0,
      0.0,
      0.0,
      0.0,
      0.0,
      0.006421518275307859,
      0.0,
      0.0,
      0.0,
      0.0,
      0.0,
      0.0,
      0.0,
      0.0,
      0.0,
      0.0014223904599674462,
      0.008878089095876672,
      0.012177726377564741,
      0.008217852921928408,
      0.013736291380626249,
      0.011879421226429814,
      0.0,
      0.0,
      0.0,
      0.0022093983969751446,
      0.0,
      0.0007318844848037808,
      0.0,
      0.0,
      0.0,
      0.0030343802959102127,
      0.0,
      0.0028824028397023763,
      0.0,
      0.007426131922491367,
      0.0,
      0.011290066542232339,
      0.0,
      0.0,
      0.0,
      0.0,
      0.0,
      0.0,
      0.0,
      0.0,
      0.006227773478289018,
      0.000583675439033751,
      0.0,
      0.009394209151105485,
      0.0011675887363658125,
      0.0,
      0.012035210458824849,
      0.020977208336543922,
      0.0,
      0.0,
      0.012761057687047151,
      0.06836350100577071,
      0.0,
      0.0,
      0.017956693604149587,
      0.005626028590845584,
      0.0,
      0.007881582873484028,
      0.003149441547645517,
      0.022171670389597477,
      0.02405708070950759,
      0.0,
      0.0,
      0.01930476289614902,
      0.0053028983082219795,
      0.0017046125037407274,
      0.0,
      0.0,
      0.004464470371305563,
      0.0,
      0.008476568243775587,
      0.006469389063126792,
      0.01116003619141534,
      0.0,
      0.0,
      0.013769567943403456,
      0.0,
      0.0,
      0.0,
      0.0,
      0.0,
      0.010352005500067851,
      0.005710939588012617,
      0.0,
      0.0,
      0.0,
      0.0,
      0.0,
      0.0,
      0.011180996271627986,
      0.006049772521181919,
      0.022415200227390904,
      0.013353025823521329,
      0.0,
      0.006364142286849962,
      0.0036542328612202434,
      0.002896523334678021,
      0.013755821454087724,
      0.0034023067933042004,
      0.0,
      0.0,
      0.012285381002672426,
      0.0,
      0.0005026511395389707,
      0.014473116442377696,
      0.013178693588228353,
      0.013315194822124916,
      0.0,
      0.0,
      0.0,
      0.03683351672725777,
      0.0,
      0.027738637321184853,
      0.029554902070371036,
      0.0,
      0.0677452011123839,
      0.0,
      0.022344530469312927,
      0.008852992730229495,
      0.03241935447209857,
      0.022363728601563066,
      0.003468013255947943,
      0.0076833801874354405,
      0.010260202140392942
    ],
    "low_data": false
  },
  "250000": {
    "median": 6.284358834848173e-05,
    "p90": 0.024615871767553386,
    "p10": 0.0,