{
  "100000": {
    "median": 0.00011310859674151937,
    "p90": 0.013664251410002541,
    "p10": 0.0,
    "sample": [
      1.8446338906850974e-05,
      4.87010092956857e-05,
      0.005553249044169245,
      0.0157445157594195,
      0.0,
      0.0,
      0.002905164401373858,
      0.008110921426118058,
      0.0,
      0.005744446304103559,
      0.0,
      0.0,
      0.015419384404890407,
      0.0,
      0.004258818226956978,
      0.006563784411243102,
      0.0,
      0.0004876685891608728,
      0.0,
      0.013964250484949745,
      0.007444357467682808,
      0.0,
      0.0,
      0.0,
      0.0,
      0.006565509926028009,
      0.0012395024034540128,
      0.010486513506149415,
      0.007635879926160182,
      0.00408955686038305,
      0.0,
      0.009986455941615903,
      0.0,
      0.001541464541691185,
      0.009258424258383425,
      0.011565186853393881,
      0.0,
      0.018187747216158137,
      0.010185974983469851,
      0.0,
      0.0023467341656675947,
      0.027046561731731904,
      0.0,
      0.003099699942402858,
      0.021311152207915355,
      0.00615942280203591,
      0.0,
      0.015575060893421788,
      0.02707841045876311,
      0.02101863919616416,
      0.0018186905389278862,
      0.008595373195547916,
      0.0,
      0.0,
      0.002341181129766517,
      0.0,
      0.0018847682192467815,
      0.0,
      0.0,
      0.03463664641177523,
      0.0,
      0.0,
      0.0,
      0.0003217506570464444,
      0.005688884358740346,
      0.009505890371712483,
      0.007359233168424359,
      0.0,
      0.008332533683593041,
      0.0,
      0.0186864235282493,
      0.01324003198030512,
      0.0,
      0.0,
      0.0,
      0.013312797682340548,
      0.0,
      0.009118064689528065,
      0.0008660907574461682,
      0.0,
      0.00513126999378,
      0.0,
      0.01154891969031431,
      0.003024161986094428,
      0.0,
      0.006632704254962827,
      0.0,
      0.0010102443434293576,
      0.00474710312997715,
      0.0,
      0.0,
      0.004019600175063281,
      3.518949802511063e-05,
      0.0,
      0.02047951766921437,
      0.0,
      0.007838053981543483,
      0.0,
      0.00466362167417199,
      0.0,
      0.0,
      0.006376500699132906,
      0.0,
      0.010535170035991408,
      0.005602905373425537,
      0.009227622004641382,
      0.010976747707815714,
      0.0,
      0.005141065717175529,
      0.016681117958954977,
      0.0,
      0.00855027680450081,
      0.0017737730852218,
      0.002078760656503293,
      0.0,
      0.0,
      0.0,
      0.0,
      0.0,
      0.0013887969993391334,
      0.0,
      0.0,
      0.0050298812398518935,
      0.011827493993763245,
      0.0,
      0.0,
      0.0002707131919629323,
      0.0,
      0.01698969142045149,
      0.018385405027877662,
      0.0,
      0.01380907106110069,
      0.011520725202029389,
      0.0,
      0.0,
      0.0,
      0.009025893724937796,
      0.0,
      0.0,
      0.00040171710764924385,
      0.0,
      0.0,
      0.0030729096892866867,
      0.0,
      0.0,
      0.0,
      0.0,
      0.017304018890079938,
      0.0033864631062839744,
      0.0,
      0.006389433318822073,
      0.013447021933355322,
      0.007655643220518635,
      0.0,
      0.014797630158225876,
      0.0,
      0.0,
      0.0,
      0.0,
      0.004097958228054581,
      0.0,
      0.0,
      0.02938965372396518,
      0.0015722932405262866,
      0.0007955240453637602,
      0.0,
      0.0,
      0.001036073281753562,
      0.01157942923850552,
      0.0,
      0.0010601320185958808,
      0.0,
      0.00011310859674151937,
      0.014560879962971432,
      0.0,
      0.0019898687206886534,
      0.0,
      0.005466751409535798,
      0.008852839554400109,
      0.0,
      0.0,
      0.0,
      0.0,
      0.006529458586935264,
      0.0,
      0.0,
      0.0038055375280622566,
      0.0,
      0.0,
      0.0,
      0.010473145177848916,
      0.0,
      0.0007539192193711192,
      0.0,
      0.0
    ],
    "low_data": false
  },
  "250000": {
    "median": 0.0006390529132494349,
    "p90": 0.014254600378212075,
    "p10": 0.0,