{
  "100000": {
    "median": 0.0,
    "p90": 0.014774056448153897,
    "p10": 0.0,
    "sample": [
      1.8446338906850974e-05,
      4.870101270575277e-05,
      0.006406132740986965,
      0.0,
      0.0,
      0.005738474821696578,
      0.0,
      0.0,
      0.0,
      0.0,
      0.0,
      0.00799029100571352,
      0.004933907362183792,
      0.0,
      0.019072194121661393,
      0.0,
      0.0,
      0.021201643571312743,
      0.0144060243557565,
      0.018240636025075516,
      0.012545534224702207,
      0.01385316266000305,
      0.004871633294371888,
      0.0,
      0.006047495273962521,
      0.008143718223614118,
      0.005309721552207175,
      0.0,
      0.014468039474758568,
      0.0,
      0.014532038482471442,
      0.009816425928598006,
      0.0,
      0.014264644614340323,
      0.014667342551889114,
      0.01643800434944815,
      0.006244417668467188,
      0.0,
      0.010643932415570606,
      0.0,
      0.003319267784131179,
      0.0,
      0.0,
      0.0035673440964671455,
      0.014072573655828403,
      0.030943540081172075,
      0.021198768281207377,
      0.0,
      0.0,
      0.0,
      0.004832917528856947,
      0.0,
      0.0,
      0.0,
      0.0,
      0.0,
      0.02001197241495111,
      0.0,
      0.0,
      0.027914968367131875,
      0.0019851070898693405,
      0.0,
      0.0,
      0.0,
      0.0,
      0.0,
      0.0,
      0.0,
      0.0,
      0.0,
      0.005825774541862491,
      0.0,
      0.0,
      0.0,
      0.0,
      0.0,
      0.0,
      0.0,
      0.0,
      0.0,
      0.0016752459608119295,
      0.010291905242154682,
      0.012438700451247321,
      0.00821791994632571,
      0.014665152282543083,
      0.010565221530214174,
      0.0,
      0.0,
      0.0,
      0.002043317867749173,
      0.0,
      0.0007489960521860916,
      0.0,
      0.0,
      0.0,
      0.0022469821163263555,
      0.0,
      0.0018966950701009336,
      0.0,
      0.005685007815924052,
      0.0,
      0.009129183812825079,
      0.0,
      0.0,
      0.0,
      0.0,
      0.0,
      0.0,
      0.0,
      0.0,
      0.01059905396827783,
      0.0009350152471707446,
      0.0,
      0.015243400970772562,
      0.0015814256521898488,
      0.0,
      0.009926597294590044,
      0.017356229531983357,
      0.0,
      0.0,
      0.0095477876710046,
      0.05160604310498908,
      0.0,
      0.0,
      0.014646181248814952,
      0.0030684071466893135,
      0.0,
      0.005064866759680207,
      0.0022615153485916234,
      0.013631070056996649,
      0.01480073492222009,
      0.0,
      0.0,
      0.011801935601219227,
      0.0034866044655536155,
      0.0012066235181692384,
      0.0,
      0.0,
      0.006459547692233544,
      0.0,
      0.010691197617391946,
      0.0077368284196023,
      0.012677499023205408,
      0.0,
      0.0,
      0.016475195341674277,
      0.0,
      0.0,
      0.0,
      0.0,
      0.0,
      0.014092586533006785,
      0.007442042171907304,
      0.0,
      0.0,
      0.0,
      0.0,
      0.0,
      0.0,
      0.01552506049679858,
      0.008462883327596222,
      0.030966163571659256,
      0.019265894675030537,
      0.0,
      0.015628985277455848,
      0.004015056434930253,
      0.004694971040095634,
      0.012193327651155226,
      0.003958338741269281,
      0.0,
      0.0,
      0.012069957083898138,
      0.0,
      0.0009059106806194425,
      0.01133867139504397,
      0.010819634906595977,
      0.0072393631035784336,
      0.0,
      0.0,
      0.018346649150261775,
      0.0,
      0.01325747276474274,
      0.0137486510901292,
      0.0,
      0.03117752778900994,
      0.0,
      0.011343587486253815,
      0.004940502643004015,
      0.01650948286221048,
      0.011311519650700177,
      0.0008813383168521534,
      0.0036935190900423856,
      0.013641277644383413
    ],
    "low_data": false
  },
  "250000": {
    "median": 4.2078106771670165e-05,
    "p90": 0.015594604505999601,
    "p10": 0.0,
    "sample": [
      4.2078106771670165e-05,
      0.00011109231066767617,
      0.0065166927162413225,
      0.0,
      0.0,
      0.006041066576697716,
      0.0,
      0.0,
      0.0,
      0.0,
      9.412130391537487e-05,
      0.008158700584256539,
      0.005406248081464345,
      0.0,
      0.019497535843815934,
      0.0,
      0.0,
      0.021604081346963174,
      0.014524491744281299,
      0.018523052208718607,
      0.012693914813644198,
      0.014145884398122727,
      0.005136811533436214,
      0.0,
      0.006638869393973593,
      0.00884251277583361,
      0.005834327629488387,
      0.0,
      0.01548220743217369,
      0.0,
      0.014788631330470058,
      0.010016189658597404,
      0.0,
      0.014512946458494446,
      0.014806582148851916,
      0.01674875188525227,
      0.006567988370826948,
      0.0,
      0.01099819989181745,
      0.0,
      0.003705371692624361,
      0.0,
      0.0,
      0.0037612514426241905,
      0.01438382984579543,
      0.03146176108521863,
      0.021894994643576884,
      0.0,
      0.0,
      0.0,
      0.005303358639328991,
      0.0,
      0.0,
      0.0,
      0.0,
      0.0,
      0.020213715882495153,
      0.0,
      0.0,
      0.028418014746222596,
      0.002161078743500187,
      0.0,
      0.0,
      0.0,
      0.0,
      0.0,
      0.0,
      0.0,
      0.0,
      0.0,
      0.00696929068077109,
      0.0,
      0.0,
      0.0,
      0.0,
      0.0,
      0.0,
      0.0,
      0.0,
      0.0,
      0.0023334288037130655,
      0.011157844323454697,
      0.012894114053255521,
      0.008803693716558593,
      0.015225894144117381,
      0.010759200174668913,
      0.0,
      0.0,
      0.0,
      0.002697158522550313,
      0.0,
      0.001222871491339866,
      0.0,
      0.0,
      0.0,
      0.002772477204994107,
      0.0,
      0.00210870755041523,
      0.0,
      0.006023174333572883,
      0.0,
      0.009812976322563163,
      0.0,
      0.0,
      0.0,
      0.0,
      0.0,
      0.0,
      0.0,
      0.0,
      0.011492267345662669,
      0.0016308986945181728,
      0.0,
      0.015622703774456077,
      0.0023043134452497777,
      0.0,
      0.010427855849635357,
      0.01814064964275141,
      1.730407172961042e-05,
      0.0,
      0.010193193864607073,
      0.052377043544458206,
      0.0,
      0.0,
      0.014940966530879335,
      0.003257956103537676,
      0.0,
      0.005579638042581146,
      0.00270265007559927,
      0.013806707486426043,
      0.015291334018850819,
      0.0,
      0.0,
      0.012245734202772593,
      0.004123644620358515,
      0.0015997614773297555,
      0.0,
      0.0,
      0.0070132235377220655,
      0.0,
      0.011331094222874122,
      0.008142115074971597,
      0.013288979349131565,
      0.0,
      0.0,
      0.016655870750712547,
      0.0,
      0.0,
      0.0,
      0.0,
      0.0,
      0.015329192054506433,
      0.008186962343185122,
      0.0,
      0.0,
      0.0,
      0.0002302131810448197,
      0.0,
      0.0,
      0.016218010407783683,
      0.008779638372951194,
      0.03193310691084185,
      0.02004984419703927,
      0.0,
      0.02585432892163588,
      0.004636846491419572,
      0.007279625199066709,
      0.013808584427375179,
      0.0056085083097053064,
      0.0,
      0.0,
      0.013334899059978964,
      0.0,
      0.0018363455946948195,
      0.01268436028603588,
      0.011401527011033741,
      0.007732893389058428,
      0.0,
      0.0,
      0.019721788586122592,
      0.0,
      0.014309611814661057,
      0.014482929378826065,
      0.0,
      0.032140420197022235,
      0.0,
      0.012343774640776434,
      0.005602839995395841,
      0.017329241263288588,
      0.011827107488359133,
      0.0011614981402183267,
      0.004371492601799095,
      0.02488143732175869
    ],
    "low_data": false
  },
  "500000": {
    "median": 0.0008329046138907,
    "p90": 0.017023817986152403,
    "p10": 0.0,