{
  "100000": {
    "median": 0.0,
    "p90": 0.013968503291841539,
    "p10": 0.0,
    "sample": [
      5.431920107079363e-05,
      6.167504918708187e-05,
      0.0,
      0.03098356074924436,
      0.013861062219320968,
      0.035988512041980864,
      0.0,
      0.0,
      0.0,
      0.0,
      0.0,
      0.0,
      0.0,
      0.0,
      0.0,
      0.0,
      0.014208840846170313,
      0.016184894880202833,
      0.010450066365860142,
      0.014785977155344045,
      0.0,
      0.0,
      0.00286616002635861,
      0.008214945267677118,
      0.0,
      0.006880959549103922,
      0.0,
      0.0,
      0.0160681974117979,
      0.0,
      0.0036272969294093658,
      0.00515070911241759,
      0.0,
      0.0002899490088484432,
      0.0,
      0.014006209604983742,
      0.009434944660538552,
      0.0,
      0.0,
      0.0,
      0.0,
      0.01039064437164792,
      0.0016095137178389284,
      0.019396492050248623,
      0.012641773267809239,
      0.006366151110082693,
      0.0,
      0.01883018600366449,
      0.0,
      0.0026186988834386842,
      0.01704077534493315,
      0.020906703598038794,
      0.0,
      0.022760431319946484,
      0.012742450636199111,
      0.0,
      0.002122769612298607,
      0.02569972688279928,
      0.0,
      0.0028893993755858285,
      0.018043587491402086,
      0.005088894033164812,
      0.0,
      0.010415971934325684,
      0.018043023612053097,
      0.015013917331921405,
      0.0011996946321811228,
      0.007670398001282874,
      0.0,
      0.0,
      0.002082220510892515,
      0.0,
      0.001879937634984499,
      0.0,
      0.0,
      0.03407830035187122,
      0.0,
      0.0,
      0.0,
      0.00019946408605381812,
      0.005643556912382359,
      0.01025092041555099,
      0.006937477975600618,
      0.0,
      0.008033540521852775,
      0.0,
      0.016157210351513428,
      0.010146112810032543,
      0.0,
      0.0,
      0.0,
      0.009842934111978823,
      0.0,
      0.007726385316087262,
      0.0009032616484642225,
      0.0,
      0.003628894114013754,
      0.0,
      0.009157918006249842,
      0.0020782323717061803,
      0.0,
      0.004670503084002677,
      0.0,
      0.0009745755080803229,
      0.0037933959735569336,
      0.0,
      0.0,
      0.0032417202804888847,
      0.000196170066878146,
      0.0,
      0.015967402908217968,
      0.0,
      0.006259361526369359,
      0.0,
      0.0044311825154467275,
      0.0,
      0.0,
      0.007618889331935019,
      0.0,
      0.013968503291841539,
      0.006266267445581338,
      0.007028917427314118,
      0.008447914974252353,
      0.0,
      0.004178222953094389,
      0.013387775840483986,
      0.0,
      0.0068832288097145375,
      0.0011919774759207454,
      0.00168850200109484,
      0.0,
      0.0,
      0.0,
      0.0,
      0.0,
      0.000993405919259283,
      0.0,
      0.0,
      0.0029819546806815777,
      0.006961176863147956,
      0.0,
      0.0,
      0.0003640706384000908,
      0.0,
      0.013134964142610768,
      0.014487454082687437,
      0.0,
      0.010070920243117624,
      0.00936597642572104,
      0.0,
      0.0,
      0.0,
      0.006910260568112231,
      0.0,
      0.0,
      0.00040991838722844777,
      0.0,
      0.0,
      0.001953624058413142,
      0.0,
      0.0,
      0.0,
      0.0,
      0.010310766220370898,
      0.0022570237758565664,
      0.0,
      0.0038679699961623256,
      0.007510660635748654,
      0.004093639922324683,
      0.0,
      0.007855360940250626,
      0.0,
      0.0,
      0.0,
      0.0,
      0.0023942746122911683,
      0.0,
      0.0,
      0.018512427185850982,
      0.0003925071489909134,
      0.0,
      0.0,
      0.0,
      0.0,
      0.009414572607036258,
      0.0,
      0.0004112876249552643,
      0.0,
      5.6612583722992623e-05,
      0.011378541059054658,
      0.0,
      0.001440869004880845,
      0.0,
      0.0042894818688263905,
      0.005686542772952864,
      0.0,
      0.0,
      0.0,
      0.0,
      0.002780592083398604,
      2.0485098564114543e-05,
      0.0,
      0.0015420914161121504,
      0.0,
      0.0,
      0.0,
      0.0047061169838966375,
      0.0,
      0.0010036872948720038,
      0.0,
      0.0
    ],
    "low_data": false
  },
  "250000": {
    "median": 0.00014068749999373553,
    "p90": 0.014151503435377294,
    "p10": 0.0,