{
  "100000": {
    "median": 0.0002464593492365217,
    "p90": 0.01995457426456867,
    "p10": 0.0,
    "sample": [
      8.439487318966808e-05,
      0.01655788373133447,
      0.00024144728389877446,
      0.0,
      0.0,
      0.0,
      0.0,
      0.0,
      0.0,
      0.009616280445622759,
      0.0,
      0.018156786501043864,
      0.0015554765769804405,
      0.022909649981796905,
      0.007260468270193916,
      0.0,
      0.0,
      0.0005421306586456453,
      0.0036917754418540534,
      0.01771104880324347,
      0.029106204475798016,
      0.011948245709981457,
      0.0,
      0.0,
      0.00736234111708389,
      0.0,
      0.0,
      0.0,
      0.0,
      0.00019062534873399712,
      0.01201141727246645,
      0.006910134490338394,
      0.0,
      0.026721128104020855,
      0.0,
      0.0,
      0.03159267000352905,
      0.02150110020606541,
      0.028357445080374084,
      0.0200074086922677,
      0.025736590009057415,
      0.008803341697346565,
      0.0,
      0.011475735764279243,
      0.0137422920083732,
      0.01042213813743292,
      0.0,
      0.025184397408214754,
      0.0,
      0.031324139732904634,
      0.027423781088500642,
      0.0,
      0.039012946006210476,
      0.04143157353890353,
      0.04612850079237656,
      0.014078887953793386,
      0.0,
      0.021842785009819177,
      0.0,
      0.0060301269779418016,
      0.0,
      0.0,
      0.006973898113796677,
      0.02263893799551054,
      0.050755444234786076,
      0.0326998658032334,
      0.0,
      0.0,
      0.0,
      0.007894920171518037,
      0.0,
      0.0,
      0.0,
      0.0005283069691819131,
      0.0,
      0.016815667379174313,
      0.0,
      0.0,
      0.019831293933270922,
      0.0020386643228266946,
      0.0,
      0.0,
      0.0,
      0.0,
      0.0,
      0.0,
      0.0,
      0.0,
      0.0,
      0.004512244261569751,
      0.0,
      0.0,
      0.0,
      0.0,
      0.0,
      0.0,
      0.0,
      0.0,
      0.0,
      0.0017730355152790747,
      0.014625515196679555,
      0.019280357694410093,
      0.012494173293022891,
      0.022463507094033337,
      0.021223487803269592,
      0.0,
      0.0,
      0.0,
      0.0042429030763466965,
      0.0,
      0.0014866360693168322,
      0.0,
      0.0,
      0.0,
      0.005074961753948582,
      0.0,
      0.004045170513579467,
      0.0,
      0.011544228351861823,
      0.0,
      0.01718356306269292,
      0.0,
      0.0,
      0.0,
      0.0,
      0.0,
      0.0,
      0.0,
      0.0,
      0.007302888988150096,
      0.0008470385137134206,
      0.0,
      0.011388243345195316,
      0.001148235456527679,
      0.0,
      0.0074689864496340855,
      0.012574829173492504,
      0.00016531132757164062,
      0.0,
      0.006903605130795093,
      0.03638999208303302,
      5.690834740952697e-05,
      0.0,
      0.009595798029496422,
      0.003572837154940535,
      0.0,
      0.004185530441581462,
      0.0019453074901273789,
      0.011388724241573863,
      0.008657293598861877,
      0.00012504082687704381,
      0.0,
      0.0063560298290598425,
      0.0024505620114570964,
      0.0022758050226001037,
      0.0,
      0.0,
      0.004371624126760906,
      0.0006145251697965507,
      0.006625501080297865,
      0.00365101344593393,
      0.006064205105694341,
      0.0,
      0.0,
      0.008511463475925095,
      0.0,
      0.00025147141457426887,
      0.0,
      0.0,
      0.0,
      0.007296734738398883,
      0.00481689619938481,
      0.0,
      0.0,
      0.0,
      0.0002289446970714929,
      0.0,
      0.0,
      0.00975608824115965,
      0.00560086974688515,
      0.01862236518141949,
      0.012248815740429929,
      0.0,
      0.006313295027714751,
      0.0039669783066246895,
      0.0036854465764827368,
      0.010091325040341367,
      0.00328130348981287,
      0.0,
      0.0,
      0.007730622897541993,
      0.0,
      0.0016334967319363107,
      0.0,
      0.008792678642202316,
      0.00741521627854944,
      0.006202406121614373,
      0.0,
      0.0002758118631310286,
      0.0,
      0.010954233754645009,
      0.0,
      0.010363423831127823,
      0.010688970027917969,
      0.0,
      0.023615843528085913,
      0.0,
      0.00915898269033166,
      0.004070952596808824,
      0.012522181516224227,
      0.008860996369680013,
      0.008993451733243667,
      0.007568078750808012,
      0.006950416482510977
    ],
    "low_data": false
  },
  "250000": {
    "median": 0.001335408461577994,
    "p90": 0.021473505079180954,
    "p10": 0.0,