{
  "100000": {
    "median": 0.00023993646210186453,
    "p90": 0.016626110392744982,
    "p10": 0.0,
    "sample": [
      8.439487318966808e-05,
      0.01655788373133447,
      0.0002553138763864835,
      0.0,
      0.0383977288141266,
      0.0,
      0.02598828353811549,
      0.012806383853650584,
      0.032969330966195476,
      0.0,
      0.0,
      0.0,
      0.0,
      0.0,
      0.0,
      0.0,
      0.0,
      0.0,
      0.0,
      0.014614597944728955,
      0.016182249445807012,
      0.010395181927448333,
      0.014848049418724727,
      0.0,
      0.0,
      0.0034351570413204005,
      0.011527336930189258,
      0.0,
      0.00957217759570007,
      0.0,
      0.0,
      0.022103120738238474,
      0.0,
      0.0062136528084503345,
      0.008955390511710655,
      0.0,
      0.0006778386406624447,
      0.0,
      0.02175516775437883,
      0.012001318753487313,
      0.0,
      0.0,
      0.0,
      0.0,
      0.01099306824086624,
      0.0023793978727925102,
      0.020424659073807593,
      0.012969226268133674,
      0.007245985602095184,
      0.0,
      0.02790002641767197,
      0.0,
      0.004316967944970273,
      0.026448360122079607,
      0.032621561214464107,
      0.0,
      0.03832103317468205,
      0.020945664811061984,
      0.0,
      0.004251544565680641,
      0.047599396140831994,
      0.0,
      0.006191859268868691,
      0.03427847751195441,
      0.010787203272159448,
      0.0,
      0.0230060904359607,
      0.04034928618770949,
      0.033562168403081724,
      0.0036885832760194773,
      0.007427746934376632,
      0.0,
      0.0,
      0.0026313625604439065,
      0.0,
      0.00205202161598621,
      0.0,
      0.0,
      0.024356174421381795,
      0.0,
      0.0,
      0.0,
      0.0005953078359494585,
      0.004477087820458736,
      0.008738128423935657,
      0.006017313223496664,
      0.0,
      0.007307193101215581,
      0.0,
      0.01513975306502852,
      0.012700916578838154,
      0.0,
      0.0,
      0.0,
      0.012515084503766141,
      0.0,
      0.010943185778467653,
      0.0010424498569499203,
      0.0,
      0.006898577585987843,
      0.0,
      0.017895831787980435,
      0.004517091885619271,
      0.0,
      0.013263237942345754,
      0.0,
      0.0016114882890533029,
      0.011316453507267779,
      0.0,
      0.0,
      0.009624859380307087,
      0.0,
      0.0,
      0.04946679937161467,
      0.0,
      0.016694337054155496,
      0.0,
      0.009141174524435759,
      0.0,
      0.0,
      0.01190781574285509,
      0.0,
      0.020796445396966116,
      0.009322886821724186,
      0.0066751282300496,
      0.007679562381924638,
      0.0,
      0.0029796405339323094,
      0.008864434242864027,
      0.0,
      0.006455534776668964,
      0.001054215087946742,
      0.0017129140846897895,
      0.0,
      0.0,
      0.0,
      0.0,
      0.0,
      0.0012042425463872095,
      0.0,
      0.0,
      0.005216258079552429,
      0.00789938461002124,
      0.0,
      0.0,
      0.000404323374850293,
      0.0,
      0.013704537033087718,
      0.015196457425103043,
      0.0,
      0.007031932616209705,
      0.005812770706308825,
      0.0,
      0.0,
      0.0,
      0.005946082290336613,
      0.0,
      0.0,
      0.001076254369810018,
      0.0009603602519363283,
      0.00022455904781724554,
      0.0018835460115029933,
      0.0,
      0.0,
      0.0,
      0.0,
      0.0072916693448382116,
      0.0017917989426245921,
      0.0,
      0.003366125731990095,
      0.006972554101982754,
      0.0049269659477399076,
      0.0,
      0.00822042982108803,
      0.000488623522772896,
      0.0,
      0.0,
      0.0,
      0.0028229686678176245,
      0.0,
      0.0,
      0.01811596116963673,
      0.0014189052228424633,
      0.0,
      0.0,
      0.0,
      0.0006287625336222635,
      0.009321143626008116,
      0.0,
      0.0007634784440649014,
      0.0,
      0.0004034317515213378,
      0.010298327730209486,
      0.0,
      0.0,
      0.002142547996809593,
      0.0,
      0.00497923860069758,
      0.00615308387612712,
      0.005950451132929105,
      0.0,
      0.0,
      0.0,
      0.0,
      0.005291893049906635,
      0.0,
      0.0,
      0.003489966965225887,
      0.0,
      0.0,
      0.0,
      0.01021821994042187,
      0.0,
      0.0008835554105975187,
      0.0,
      0.0
    ],
    "low_data": false
  },
  "250000": {
    "median": 0.001060014051516938,
    "p90": 0.018442468661117636,
    "p10": 0.0,