{
  "100000": {
    "median": 4.121787481795366e-05,
    "p90": 0.010479468007001232,
    "p10": 0.0,
    "sample": [
      4.121787481795366e-05,
      0.00017556766738505223,
      0.00045853408598769475,
      0.0,
      0.003250629036222399,
      0.002928382088822316,
      0.0,
      0.0,
      0.0,
      0.006264256905965245,
      0.0,
      0.006186676882017551,
      0.001866610768251631,
      0.0,
      0.004220074811802635,
      0.0,
      0.01019805634796753,
      0.0033786901201857695,
      0.0,
      0.007650701622581199,
      0.0,
      0.0017726831636154052,
      0.006217767164906646,
      0.0,
      0.0026659908429049754,
      0.0057802984208700945,
      0.0,
      0.0,
      0.027206982828326908,
      0.0,
      0.01026894497800683,
      0.0,
      0.005494495622839915,
      0.0,
      0.0,
      0.00761056518943206,
      0.0,
      0.013465740063460109,
      0.007336342652753423,
      0.0076459147784042406,
      0.01018741287676101,
      0.0,
      0.007669336647591841,
      0.01731800655134927,
      0.0,
      0.009495540127839042,
      0.002337628158513252,
      0.002210276607765067,
      0.0,
      0.0,
      0.0,
      0.0,
      0.00025935601232544717,
      0.002717108462389928,
      0.0,
      0.0,
      0.004710298956550037,
      0.00810475072622307,
      0.0,
      0.0,
      0.0028274668431532706,
      2.9172499353813776e-05,
      0.012029100132868186,
      0.012799393225485345,
      0.0,
      0.013630042554701485,
      0.011321560122978825,
      0.0,
      0.00029930472525089777,
      0.0,
      0.007609906873862704,
      0.0,
      0.0,
      0.00025196533676942755,
      0.0,
      0.0,
      0.003177423711417178,
      0.0,
      0.0,
      0.0,
      0.0,
      0.013427978514470909,
      0.004750854332062662,
      0.0,
      0.005180010033118822,
      0.010213312741141992,
      0.005918600851489027,
      0.0,
      0.011693213571839322,
      0.001404515660517354,
      0.0,
      0.0,
      0.0,
      0.0034612532281479377,
      0.0,
      0.0,
      0.025634040767729998,
      0.0011601640742549624,
      0.0,
      0.0,
      0.0,
      0.0011378575688278684,
      0.014121161566436011,
      0.0,
      0.0006330736775141907,
      0.0,
      0.001160377521552975,
      0.017468966805721835,
      0.0,
      0.002875821647707448,
      0.0,
      0.008021031154679416,
      0.008270547274820312,
      0.0,
      0.0,
      0.0,
      0.0,
      0.00645240320855894,
      0.0,
      0.0,
      0.003695489205054579,
      0.0,
      0.00028470490137005953,
      0.0,
      0.013107823251360288,
      0.0,
      0.001985810612805175,
      0.0,
      0.0
    ],
    "low_data": false
  },
  "250000": {
    "median": 0.0012277028899314612,
    "p90": 0.012628372009372134,
    "p10": 0.0,
    "sample": [
      9.402245867048682e-05,
      0.00040048895833403355,
      0.0008734656978268653,
      0.0,
      0.004053415609511715,
      0.0035363253826064733,
      0.0,
      0.0,
      0.0,
      0.0074607292673585755,
      0.0,
      0.007374689223826002,
      0.003800980867170939,
      0.0,
      0.005619009230606651,
      0.0,
      0.01213589376971585,
      0.005181315991382824,
      0.0,
      0.009769049921058193,
      0.0,
      0.0032845000071648803,
      0.008074659401617723,
      0.0,
      0.00853984115424715,
      0.007997772341229857,
      0.00030173566306222744,
      0.00018829667907567038,
      0.027569313336685573,
      0.0,
      0.011523744386761098,
      0.0,
      0.005835260336084554,
      0.0,
      0.0,
      0.008328628152969468,
      0.0,
      0.013684490159597978,
      0.00821408386940636,
      0.008607613354881475,
      0.011717652029924632,
      0.00031579040809502894,
      0.011861284375209212,
      0.020370924858454216,
      0.0,
      0.012464858697387598,
      0.004328301358339944,
      0.0032328228730916387,
      0.0012723535949034689,
      0.0,
      0.0,
      0.0,
      0.0031038291435194244,
      0.005793177046083065,
      0.0,
      0.0,
      0.006876352681248284,
      0.010133303342686762,
      0.0,
      0.0,
      0.006466263935579202,
      0.0012184037184850786,
      0.013282425257310264,
      0.01380648672637635,
      0.0,
      0.01875603467915856,
      0.015513557907748991,
      0.0,
      0.005649707406457974,
      0.0,
      0.009142704526059399,
      0.0,
      0.0,
      0.0005629877613073066,
      0.0,
      0.0,
      0.004467471165536873,
      0.0,
      0.0,
      0.0,
      0.0,
      0.015514415265000393,
      0.007859375012911037,
      0.0,
      0.006619959931939062,
      0.011451217546068891,
      0.006709024365542828,
      0.0,
      0.013958601637613512,
      0.004130118842320713,
      0.0,
      0.0,
      0.0,
      0.0036125633458211908,
      0.0,
      0.0,
      0.027279300943156448,
      0.0028391150748395912,
      0.003944485231232191,
      0.0,
      0.0,
      0.0029618540104910146,
      0.016307057684729207,
      0.0,
      0.0012277028899314612,
      0.0,
      0.0036977349965805796,
      0.018591174455449156,
      0.0,
      0.004111696476922792,
      0.0,
      0.010601156785356221,
      0.008997558062859247,
      0.0,
      0.0,
      0.0,
      0.0,
      0.009521438671581936,
      0.0014427573358640228,
      0.0,
      0.005138587046603565,
      0.0007958943995398488,
      0.0038506542207756345,
      0.0,
      0.019458552226631613,
      0.0,
      0.004378490236221425,
      0.010102418018405697,
      0.0
    ],
    "low_data": false
  },
  "500000": {
    "median": 0.004473831331999694,
    "p90": 0.01712547136824879,
    "p10": 0.0,