{
  "100000": {
    "median": 0.0012326753813660268,
    "p90": 0.013833897222254688,
    "p10": 0.0,
    "sample": [
      4.121787481795366e-05,
      0.00017556766738505223,
      0.00011519682988322789,
      0.0,
      0.0013541128379188179,
      0.0,
      0.0,
      0.0,
      0.0,
      0.0,
      0.0,
      0.0,
      0.0,
      0.0,
      0.0018788128112843818,
      0.007889657510854652,
      0.010888472567421406,
      0.0073679236483796,
      0.013033111333845956,
      0.011289482405749071,
      0.0,
      0.0,
      0.0,
      0.00244542500182535,
      0.0,
      0.0021515199484178735,
      0.0,
      0.0,
      0.0,
      0.003076479344705725,
      0.0,
      0.002848692594012038,
      0.0,
      0.006739301363393397,
      0.0,
      0.010932047653748549,
      0.0,
      0.0,
      0.0,
      0.0,
      0.0,
      0.0,
      0.0,
      0.0,
      0.011627626086853242,
      0.0026690163447259637,
      0.0,
      0.012638265476116123,
      0.0034005669456694688,
      0.0,
      0.010166401073093882,
      0.014886180863145236,
      0.0014463372711866751,
      0.0,
      0.00786453756399055,
      0.03606252371998733,
      0.0,
      0.0,
      0.009148334465127849,
      0.00439458489285457,
      0.0,
      0.004128913216092911,
      0.0022511194472518313,
      0.009669504596840134,
      0.011909519187596368,
      0.003267866314758041,
      0.0,
      0.012194312573695253,
      0.006217531297235615,
      0.005376068823335273,
      0.0,
      0.0,
      0.0053558179526860036,
      0.0,
      0.007814530078904083,
      0.006303329119161664,
      0.011208789678430942,
      0.0,
      0.0,
      0.012910830480573583,
      0.0,
      0.0012326753813660268,
      0.0,
      0.0,
      0.0,
      0.010691575382322804,
      0.00575852134334618,
      0.0,
      0.0,
      0.0,
      0.0,
      0.0,
      0.0,
      0.014201150134461224,
      0.007702244701044034,
      0.026159609886290534,
      0.01706798977002373,
      0.0,
      0.01247785331615257,
      0.005281308659641057,
      0.004361255798250514,
      0.01533084730105618,
      0.004927504866448343,
      0.0,
      0.0,
      0.01238785306009953,
      0.0,
      0.0010914202424354023,
      0.014518541712447718,
      0.013864480167577195,
      0.0095542639055144,
      0.0,
      0.0,
      0.015856138247997073,
      0.0,
      0.011447459063011315,
      0.01146790076087043,
      0.0,
      0.024725588582096975,
      0.0,
      0.010097722540674247,
      0.00518504649502401,
      0.015895261250793317,
      0.010597442638577693,
      0.06594591868985795,
      0.018316232028289824,
      0.013813508592039683
    ],
    "low_data": false
  },
  "250000": {
    "median": 0.002213627892162722,
    "p90": 0.01630300356158372,
    "p10": 0.0,
    "sample": [
      9.402245867048682e-05,
      0.00040048895833403355,
      0.0005301284417223985,
      0.0,
      0.0021568994112081343,
      6.965201580105915e-05,
      0.00012797001187919276,
      0.0,
      0.0,
      0.0,
      0.0002462311820942381,
      0.0,
      0.0,
      0.0,
      0.0032777472300883977,
      0.010023795462988821,
      0.012826309989169726,
      0.009170549519576654,
      0.01608571910339836,
      0.013407830704226065,
      0.0,
      0.0,
      0.0,
      0.003533042930246621,
      0.0020392936556606466,
      0.0043689938687776365,
      0.0,
      0.0,
      0.0,
      0.004029464018497421,
      0.0,
      0.0038275300198594444,
      0.0,
      0.007145400013442814,
      0.0,
      0.011650110617285957,
      0.0,
      0.0,
      0.0,
      0.0,
      0.0001805948215065638,
      0.00046526688631474316,
      0.0,
      0.0,
      0.015073321502804637,
      0.005638334914274521,
      0.001459390974431552,
      0.013660811741442694,
      0.006713918651599273,
      0.0,
      0.013310840475692096,
      0.01662893024886175,
      0.004290810402380652,
      0.0,
      0.009755615043774634,
      0.03791197761109033,
      0.001561154571441967,
      0.0015761556683435494,
      0.011083366041302861,
      0.00705681305258304,
      0.001751139995412065,
      0.005318144435224175,
      0.003504444571693908,
      0.010676598097731138,
      0.013363389167201287,
      0.008393858439215116,
      0.0,
      0.01746807039938945,
      0.01156793397844269,
      0.01154188926324461,
      0.0,
      0.001372028348948326,
      0.006666215244271717,
      0.0,
      0.008449760911907793,
      0.006655772825541019,
      0.012498837132550636,
      0.0,
      0.0,
      0.013585783704715792,
      0.0,
      0.0033191121318955114,
      0.0013728401951263406,
      0.0,
      0.0,
      0.011929480187249705,
      0.006548944857399981,
      0.0,
      0.0008335740287111508,
      0.0,
      0.0004107546035790519,
      0.0,
      0.0,
      0.014352460252134477,
      0.008045253570281472,
      0.02670271382623193,
      0.018713249945450178,
      0.0,
      0.018710680944258498,
      0.006821060578978844,
      0.005925235668610263,
      0.017154843742719326,
      0.007113400984741538,
      0.0,
      0.0,
      0.013487473975565763,
      0.0,
      0.002213627892162722,
      0.015666878454005554,
      0.015100354996792539,
      0.011335746408187715,
      0.0,
      0.0,
      0.019857534544730198,
      0.0,
      0.012896117899659783,
      0.013433468001475022,
      0.0,
      0.02623357796056639,
      0.0,
      0.011540820382223232,
      0.0073073337922800515,
      0.01946121057019889,
      0.012569852335405982,
      0.14976587059490393,
      0.038484547567701914,
      0.02644882202914884
    ],
    "low_data": false
  },
  "500000": {
    "median": 0.005437190228570281,
    "p90": 0.020549396847670914,
    "p10": 0.0,