{
  "100000": {
    "median": 0.0,
    "p90": 0.014885059256618791,
    "p10": 0.0,
    "sample": [
      3.825841445887367e-06,
      1.5076975798990712e-05,
      0.0,
      0.006292974887231295,
      0.0,
      0.0,
      0.0,
      0.0,
      0.017693268156206473,
      0.0,
      0.004267344189774633,
      0.030648222036189242,
      0.03163632429623032,
      0.0,
      0.0,
      0.0021795361251664286,
      0.0,
      0.0,
      0.0,
      0.0,
      0.005156101805328822,
      0.0,
      0.02040352013778697,
      0.0048591329220169285,
      0.005612813925617659,
      0.04627556768348433,
      0.0243567160889343,
      0.020267528315593794,
      0.0,
      0.0,
      0.0,
      0.0,
      0.0,
      0.0,
      0.0,
      0.009594380219430551,
      0.0,
      0.020090392063406317,
      0.0016359960154546725,
      0.028201735290937523,
      0.008698304925252072,
      0.0,
      0.0,
      0.0002645823470816026,
      0.0034386819911896714,
      0.019567875264410218,
      0.03366950409470614,
      0.013893281342572512,
      0.0,
      0.0,
      0.008288336382709219,
      0.0,
      0.0,
      0.0,
      0.0,
      0.0,
      0.006549766578022301,
      0.004052987102518532,
      0.0,
      0.014014308841960624,
      0.0,
      0.0,
      0.017092284662972457,
      0.011631409221661301,
      0.0148946048141179,
      0.009640350757559774,
      0.01222809276879587,
      0.004338089456487723,
      0.0,
      0.005705106726586583,
      0.007192845869197857,
      0.004943319628007135,
      0.0,
      0.01421894801583626,
      0.0,
      0.0159809483294065,
      0.011298592929760787,
      0.0,
      0.015656731697401397,
      0.016735369537390576,
      0.017920568878706696,
      0.0050309081930029345,
      0.0,
      0.009073007728599085,
      0.0,
      0.002828080320075285,
      0.0,
      0.0,
      0.003131056879919688,
      0.01488399863911889,
      0.03304564189625827,
      0.022600950942801058,
      0.0,
      0.0,
      0.0,
      0.0052516343202958695,
      0.0,
      0.0,
      0.0,
      0.0,
      0.0,
      0.026035531614153666,
      0.0,
      0.0,
      0.033403584451880984,
      0.002384638403975026,
      0.0,
      0.0,
      0.0,
      0.0,
      0.0,
      0.0,
      0.0,
      0.0,
      0.0,
      0.0035320712775864533,
      0.0,
      0.0,
      0.0,
      0.0,
      0.0,
      0.0,
      0.0,
      0.0,
      0.0,
      0.0009343180063500491,
      0.007411080083045423,
      0.010238734802813435,
      0.006562336804786203,
      0.012152515480492676,
      0.010655604598019255,
      0.0,
      0.0,
      0.0,
      0.0018983515289605845,
      0.0,
      0.0005544972057909292,
      0.0,
      0.0,
      0.0,
      0.002163182205073654,
      0.0,
      0.00209745457441314,
      0.0,
      0.005636261409236715,
      0.0,
      0.00832487081265586,
      0.0,
      0.0,
      0.0,
      0.0,
      0.0,
      0.0,
      0.0,
      0.0,
      0.006745130769902816,
      0.0003620905934852792,
      0.0,
      0.009999513131670152,
      0.0007615884488570948,
      0.0,
      0.007026322649059072,
      0.012355660824898113,
      0.0,
      0.0,
      0.0067990034976937695,
      0.03650750829088192,
      0.0,
      0.0,
      0.009691279763744296,
      0.0030417529954659566,
      0.0,
      0.0036612649765703793,
      0.0015220293763236533,
      0.010415300425080749,
      0.011602947962884677,
      0.0,
      0.0,
      0.009234319018741782,
      0.0025168587785060724,
      0.0006734653329616875,
      0.0,
      0.0,
      0.003441934676172092,
      0.0,
      0.005869552053627965,
      0.00439881121609433,
      0.007285417535332571,
      0.0,
      0.0,
      0.010614467252723718,
      0.0,
      0.0,
      0.0,
      0.0,
      0.0,
      0.008182812532237325,
      0.003949604218870555,
      0.0,
      0.0,
      0.0,
      0.0,
      0.0,
      0.0,
      0.008642646338054236,
      0.004775273627126918,
      0.017826244060557696,
      0.01084386772745847,
      0.0,
      0.005542260559452462,
      0.002368358534790788,
      0.0019228022925237161,
      0.0073672409076919855,
      0.0018581258466074553,
      0.0,
      0.0,
      0.006220306719754869,
      0.0,
      0.00027789547674300993,
      0.0,
      0.007138287029853197,
      0.006802216153147915,
      0.004985838810343533,
      0.0,
      0.0,
      0.0,
      0.008940513441234307,
      0.0,
      0.007031856542928882,
      0.007737099815023389,
      0.0,
      0.01895901087571777,
      0.0,
      0.007269127798826276,
      0.0029868232235350962,
      0.01068748537533636,
      0.007423758075773165,
      0.0006942813204920144,
      0.0023009228935410788,
      0.0035386293974403902
    ],
    "low_data": false
  },
  "250000": {
    "median": 0.0,
    "p90": 0.014922843816862725,
    "p10": 0.0,